<?xml version="1.0" encoding="UTF-8"?>

<COMPONENT>
	<HEADER
			AUTHOR="Benoit Courtine"
			COMPATIBILITY="ALL"
			DATA_AUTO_PROPAGATE="true"
			PLATEFORM="ALL"
			RELEASE_DATE="20110709A"
			SERIAL=""
			STARTABLE="true"
			STATUS="ALPHA"
			VERSION="1.2"
			HAS_CONDITIONAL_OUTPUTS="false"
	>
		<SIGNATURE/>
	</HEADER>

	<FAMILIES>
		<FAMILY>Logs_Errors/Logback</FAMILY>
	</FAMILIES>

	<DOCUMENTATION>
		<URL/>
	</DOCUMENTATION>

	<CONNECTORS>
		<CONNECTOR CTYPE="FLOW" MAX_INPUT="1"/>
		<CONNECTOR CTYPE="ITERATE" MAX_OUTPUT="0" MAX_INPUT="0"/>
		<CONNECTOR CTYPE="THEN_RUN" MAX_INPUT="1"/>
		<CONNECTOR CTYPE="REFERENCE"/>
		<CONNECTOR CTYPE="COMPONENT_OK"/>
		<CONNECTOR CTYPE="COMPONENT_ERROR"/>
		<CONNECTOR CTYPE="RUN_IF"/>
	</CONNECTORS>

	<PARAMETERS>
		<PARAMETER NAME="LOGBACK_CONF_FILE" FIELD="FILE"
				REQUIRED="true"
				NUM_ROW="1"
				REPOSITORY_VALUE="FILE_PATH"
		>
			<DEFAULT>"logback.xml"</DEFAULT>
		</PARAMETER>

		<PARAMETER
				NAME="DIE_ON_ERROR"
				FIELD="CHECK"
				NUM_ROW="2"
		>
			<DEFAULT>true</DEFAULT>
		</PARAMETER>
	</PARAMETERS>

	<ADVANCED_PARAMETERS>
		<PARAMETER
				NAME="CLEAR_CONFIG"
				FIELD="CHECK"
				NUM_ROW="2"
		>
			<DEFAULT>true</DEFAULT>
		</PARAMETER>
	</ADVANCED_PARAMETERS>

	<CODEGENERATION>
		<IMPORTS>
			<IMPORT MODULE="logback-core-0.9.29.jar" NAME="logback-core-0.9.29" REQUIRED="true"/>
			<IMPORT MODULE="logback-classic-0.9.29.jar" NAME="logback-classic-0.9.29" REQUIRED="true"/>
			<IMPORT MODULE="slf4j-api-1.6.1.jar" NAME="slf4j-api-1.6.1" REQUIRED="true"/>
		</IMPORTS>
	</CODEGENERATION>

	<RETURNS>
	</RETURNS>
</COMPONENT>
