<?xml version="1.0" encoding="UTF-8"?>

<COMPONENT> 
	<HEADER
			AUTHOR="Benoit Courtine"
			COMPATIBILITY="ALL"
			DATA_AUTO_PROPAGATE="false"
			PLATEFORM="ALL"
			RELEASE_DATE="20091105A"
			SERIAL=""
			STARTABLE="true"
			STATUS="ALPHA"
			VERSION="1.1"
			HAS_CONDITIONAL_OUTPUTS="false"
	>
		<SIGNATURE/> 
	</HEADER>
	  
	<FAMILIES>
		<FAMILY>Logs_Errors/Log4J</FAMILY> 
	</FAMILIES>

	<DOCUMENTATION> 
		<URL/> 
	</DOCUMENTATION>

	<CONNECTORS> 
		<CONNECTOR CTYPE="FLOW" MAX_INPUT="0" MAX_OUTPUT="0" />
		<CONNECTOR CTYPE="ITERATE" MAX_OUTPUT="1" MAX_INPUT="1"/>
		<CONNECTOR CTYPE="THEN_RUN" MAX_INPUT="1"/>
		<CONNECTOR CTYPE="REFERENCE"/>
		<CONNECTOR CTYPE="COMPONENT_OK"/>
		<CONNECTOR CTYPE="COMPONENT_ERROR"/>
		<CONNECTOR CTYPE="RUN_IF"/> 
	</CONNECTORS>

	<PARAMETERS> 
		<PARAMETER NAME="LOG4J_CONF_FILE" FIELD="FILE" 
				REQUIRED="true" 
				NUM_ROW="1"
				REPOSITORY_VALUE="FILE_PATH">
			<DEFAULT>"log4j.xml"</DEFAULT>
		</PARAMETER>
		
		<PARAMETER
				NAME="DIE_ON_ERROR"
				FIELD="CHECK" 
				NUM_ROW="2"
		>
			<DEFAULT>true</DEFAULT>
		</PARAMETER>
	</PARAMETERS>

	<ADVANCED_PARAMETERS>
		<PARAMETER
				NAME="LOCK_CONFIG"
				FIELD="CHECK"
				NUM_ROW="2"
		>
			<DEFAULT>true</DEFAULT>
		</PARAMETER>
	</ADVANCED_PARAMETERS>

	<CODEGENERATION>
		<IMPORTS> 
			<IMPORT MODULE="log4j-1.2.15.jar" NAME="log4j-1.2.15" REQUIRED="true"/>
			<IMPORT MODULE="talend-log4j-config-util.jar" NAME="talend-log4j-config-util" REQUIRED="true"/>
		</IMPORTS>
	</CODEGENERATION>

	<RETURNS>
	</RETURNS> 
</COMPONENT>