<COMPONENT>
	<HEADER PLATEFORM="ALL" SERIAL="" VERSION="0.102" STATUS="ALPHA"
		COMPATIBILITY="ALL" AUTHOR="Talend" RELEASE_DATE="20050320A"
		STARTABLE="false">
		<SIGNATURE />
	</HEADER>

  <FAMILIES>
    <FAMILY>User</FAMILY>
  </FAMILIES>

	<DOCUMENTATION>
		<URL />
	</DOCUMENTATION>

	<CONNECTORS>
    	<CONNECTOR CTYPE="FLOW" MAX_INPUT="1" MAX_OUTPUT="1"/>
    	<CONNECTOR CTYPE="ITERATE" MAX_OUTPUT="1" MAX_INPUT="1"/>
    	<CONNECTOR CTYPE="SUBJOB_OK" MAX_INPUT="1" />
    	<CONNECTOR CTYPE="SUBJOB_ERROR" MAX_INPUT="1" />
   		<CONNECTOR CTYPE="COMPONENT_OK"/>
    	<CONNECTOR CTYPE="COMPONENT_ERROR"/>
    	<CONNECTOR CTYPE="RUN_IF"/>
	</CONNECTORS>

	<PARAMETERS>
		<PARAMETER NAME="SCHEMA" FIELD="SCHEMA_TYPE" REQUIRED="true"
			NUM_ROW="10">
			<DEFAULT />
			  <TABLE>
			    <COLUMN NAME="isFirst" TYPE="id_Boolean" LENGTH="1" READONLY="true" CUSTOM="true" />
			    <COLUMN NAME="isLast"  TYPE="id_Boolean" LENGTH="1" READONLY="true" CUSTOM="true" />
                <COLUMN NAME="Position" TYPE="id_Integer" LENGTH="8" READONLY="true" CUSTOM="true" />
                <COLUMN NAME="Occurence" TYPE="id_Integer" LENGTH="8" READONLY="true" CUSTOM="true" /> 
              </TABLE>
		</PARAMETER>

		<PARAMETER NAME="CRITERIA" FIELD="TABLE" REQUIRED="false"
			NUM_ROW="30" NB_LINES="3">
			<ITEMS>
				<ITEM NAME="COLNAME" FIELD="COLUMN_LIST" />

				<ITEM NAME="SORT" FIELD="CLOSED_LIST">
					<ITEMS DEFAULT="NUM">
						<ITEM NAME="NUM" VALUE="num" />
						<ITEM NAME="ALPHA" VALUE="alpha" />
						<ITEM NAME="DATE" VALUE="date" />
					</ITEMS>
				</ITEM>

				<ITEM NAME="ORDER" FIELD="CLOSED_LIST">
					<ITEMS DEFAULT="ASC">
						<ITEM NAME="ASC" VALUE="asc" />
						<ITEM NAME="DESC" VALUE="desc" />
					</ITEMS>
				</ITEM>
				<ITEM NAME="RUPTURE" FIELD="CHECK" >
				    <ITEMS DEFAULT="false">	</ITEMS>				
				</ITEM>
			</ITEMS>
		</PARAMETER>
	</PARAMETERS>
	
	<ADVANCED_PARAMETERS>
		<PARAMETER NAME="EXTERNAL" FIELD="CHECK" REQUIRED="true"
			NUM_ROW="1">
			<DEFAULT>false</DEFAULT>
		</PARAMETER>
		
		<PARAMETER NAME="TEMPFILE" FIELD="DIRECTORY" NUM_ROW="2"
			REQUIRED="true" SHOW_IF="EXTERNAL == 'true'">
			<DEFAULT>"__COMP_DEFAULT_FILE_DIR__/temp"</DEFAULT>
		</PARAMETER>
		
        <PARAMETER NAME="CREATEDIR" FIELD="CHECK" REQUIRED="true" NUM_ROW="3" SHOW_IF="EXTERNAL == 'true'"> 
			<DEFAULT>true</DEFAULT> 
		</PARAMETER> 		
		
		<PARAMETER NAME="EXTERNAL_SORT_BUFFERSIZE" FIELD="TEXT" NUM_ROW="4"
			REQUIRED="true" SHOW_IF="EXTERNAL == 'true'">
			<DEFAULT>1000000</DEFAULT>
		</PARAMETER>		
	</ADVANCED_PARAMETERS>

	<CODEGENERATION>
		<TEMPLATES INPUT="BreakOut" OUTPUT="BreakIn">

			<TEMPLATE NAME="BreakOut" COMPONENT="tBreakOut">
				<LINK_TO NAME="BreakIn" CTYPE="ROWS_END" />
			</TEMPLATE>

			<TEMPLATE NAME="BreakIn" COMPONENT="tBreakIn" />

			<TEMPLATE_PARAM SOURCE="self.CRITERIA"  TARGET="BreakOut.CRITERIA" />
			<TEMPLATE_PARAM SOURCE="self.CRITERIA"  TARGET="BreakIn.CRITERIA" />
			<TEMPLATE_PARAM SOURCE="self.EXTERNAL"  TARGET="BreakOut.EXTERNAL" />
			<TEMPLATE_PARAM SOURCE="self.EXTERNAL"  TARGET="BreakIn.EXTERNAL" />
			<TEMPLATE_PARAM SOURCE="self.TEMPFILE"  TARGET="BreakOut.TEMPFILE" />
            <TEMPLATE_PARAM SOURCE="self.CREATEDIR" TARGET="BreakOut.CREATEDIR" /> 				
			<TEMPLATE_PARAM SOURCE="self.EXTERNAL_SORT_BUFFERSIZE" 	TARGET="BreakOut.EXTERNAL_SORT_BUFFERSIZE" />
			<TEMPLATE_PARAM SOURCE="self.SCHEMA" TARGET="BreakIn.SCHEMA" />
			<TEMPLATE_PARAM SOURCE="self.SCHEMA" TARGET="BreakOut.SCHEMA" />
			<TEMPLATE_PARAM SOURCE="self.UNIQUE_NAME" TARGET="BreakOut.DESTINATION" />
			<TEMPLATE_PARAM SOURCE="self.UNIQUE_NAME" TARGET="BreakIn.ORIGIN" />
		</TEMPLATES>
	</CODEGENERATION>
	<RETURNS>
		<RETURN NAME="isFirst"   TYPE="id_Boolean" AVAILABILITY="FLOW" />
		<RETURN NAME="isLast"    TYPE="id_Boolean" AVAILABILITY="FLOW" />
		<RETURN NAME="Position"  TYPE="id_Integer" AVAILABILITY="FLOW" />
		<RETURN NAME="Occurence" TYPE="id_Integer" AVAILABILITY="FLOW" />
	</RETURNS>
</COMPONENT>