<COMPONENT>
	<HEADER PLATEFORM="ALL" SERIAL="" VERSION="0.101" STATUS="ALPHA"
		COMPATIBILITY="ALL" AUTHOR="Talend" RELEASE_DATE="20050320A"
		STARTABLE="false" TECHNICAL="true">
		<SIGNATURE></SIGNATURE>
	</HEADER>

  <FAMILIES>
    <FAMILY>User/Technical</FAMILY>
  </FAMILIES>

	<DOCUMENTATION>
		<URL />
	</DOCUMENTATION>

	<CONNECTORS>
		<CONNECTOR CTYPE="FLOW" MAX_INPUT="1" MAX_OUTPUT="1"/>
		<CONNECTOR CTYPE="ITERATE" MAX_OUTPUT="0" MAX_INPUT="0" />
		<CONNECTOR CTYPE="SUBJOB_OK" MAX_INPUT="1" />
		<CONNECTOR CTYPE="SUBJOB_ERROR" MAX_INPUT="1" />
		<CONNECTOR CTYPE="COMPONENT_OK" />
		<CONNECTOR CTYPE="COMPONENT_ERROR" />
		<CONNECTOR CTYPE="RUN_IF" />
	</CONNECTORS>

	<PARAMETERS>
		<PARAMETER NAME="SCHEMA" FIELD="SCHEMA_TYPE" REQUIRED="true"
			NUM_ROW="10">
			<DEFAULT />
		</PARAMETER>

		<PARAMETER NAME="DESTINATION" FIELD="TEXT" NUM_ROW="20"
			REQUIRED="true">
			<DEFAULT>array_tSortOut_1</DEFAULT>
		</PARAMETER>

		<PARAMETER NAME="EXTERNAL" FIELD="CHECK" REQUIRED="true"
			NUM_ROW="30">
			<DEFAULT>false</DEFAULT>
		</PARAMETER>

		<PARAMETER NAME="TEMPFILE" FIELD="DIRECTORY" NUM_ROW="30"
			REQUIRED="true" SHOW_IF="EXTERNAL == 'true'">
			<DEFAULT>"__COMP_DEFAULT_FILE_DIR__/temp"</DEFAULT>
		</PARAMETER>
		
        <PARAMETER NAME="CREATEDIR" FIELD="CHECK" REQUIRED="true" 
	         NUM_ROW="31" SHOW_IF="EXTERNAL == 'true'"> 
	    	<DEFAULT>true</DEFAULT> 		
		</PARAMETER>
		
		<PARAMETER NAME="EXTERNAL_SORT_BUFFERSIZE" FIELD="TEXT" NUM_ROW="35"
			REQUIRED="true" SHOW_IF="EXTERNAL == 'true'">
			<DEFAULT>1000000</DEFAULT>
		</PARAMETER>	

		<PARAMETER NAME="CRITERIA" FIELD="TABLE" REQUIRED="false"
			NUM_ROW="40" NB_LINES="3">
			<ITEMS>
				<ITEM NAME="COLNAME" FIELD="COLUMN_LIST" />

				<ITEM NAME="SORT" FIELD="CLOSED_LIST">
					<ITEMS DEFAULT="NUM">
						<ITEM NAME="NUM" VALUE="num" />
						<ITEM NAME="ALPHA" VALUE="alpha" />
						<ITEM NAME="DATE" VALUE="date" />
					</ITEMS>
				</ITEM>

				<ITEM NAME="ORDER" FIELD="CLOSED_LIST">
					<ITEMS DEFAULT="ASC">
						<ITEM NAME="ASC" VALUE="asc" />
						<ITEM NAME="DESC" VALUE="desc" />
					</ITEMS>
				</ITEM>
			</ITEMS>
		</PARAMETER>

	</PARAMETERS>

	<CODEGENERATION>
	<IMPORTS>
      <IMPORT  NAME="External Merge Sort" MODULE="external_sort.jar" REQUIRED="true"/>
    </IMPORTS>
	</CODEGENERATION>

	<RETURNS>
		<RETURN NAME="NB_LINE" TYPE="id_Integer" AVAILABILITY="AFTER" />
	</RETURNS>
</COMPONENT>
