<?xml version="1.0" encoding="UTF-8"?>
<COMPONENT>
	<HEADER AUTHOR="Onepoint Ltd" COMPATIBILITY="ALL"
		DATA_AUTO_PROPAGATE="false" PLATEFORM="ALL" RELEASE_DATE="20160524A"
		PARTITIONING="AUTO" HAS_CONDITIONAL_OUTPUTS="true"
		SERIAL="" STARTABLE="false" STATUS="ALPHA" VERSION="0.2">
		<SIGNATURE />
	</HEADER>
	<FAMILIES>
		<FAMILY>Databases/KUDU</FAMILY>
	</FAMILIES>
	<DOCUMENTATION>
		<URL>http://www.onepointltd.com</URL>
	</DOCUMENTATION>
	<CONNECTORS>
		<CONNECTOR CTYPE="FLOW" MAX_INPUT="1" MAX_OUTPUT="1" />
		<CONNECTOR NAME="REJECT" CTYPE="FLOW" MAX_INPUT="0"
			MAX_OUTPUT="1" LINE_STYLE="2" COLOR="FF0000" BASE_SCHEMA="FLOW"
			NOT_SHOW_IF="FAIL_ON_OPERATION_ERROR == 'true'" />
		<CONNECTOR CTYPE="COMPONENT_OK" />
		<CONNECTOR CTYPE="COMPONENT_ERROR" />
	</CONNECTORS>
	<PARAMETERS>
		<PARAMETER NAME="SCHEMA" FIELD="SCHEMA_TYPE" REQUIRED="true"
			NUM_ROW="1">
		</PARAMETER>
		<PARAMETER NAME="SCHEMA_REJECT" FIELD="SCHEMA_TYPE"
			REQUIRED="true" NUM_ROW="45" CONTEXT="REJECT" SHOW="true">
			<TABLE READONLY="true">
				<COLUMN NAME="errorCode" TYPE="id_String" LENGTH="255"
					READONLY="false" CUSTOM="true" />
				<COLUMN NAME="errorMessage" TYPE="id_String" LENGTH="255"
					READONLY="false" CUSTOM="true" />
			</TABLE>
		</PARAMETER>
		
		<PARAMETER NAME="SERVER_PROPERTIES" FIELD="TABLE" REQUIRED="true"
			NUM_ROW="21" NB_LINES="3" GROUP="DATASOURCE">
			<ITEMS>
				<ITEM NAME="SERVER" FIELD="TEXT" VALUE="&quot;quickstart.cloudera&quot;" />
				<ITEM NAME="PORT" FIELD="TEXT" VALUE="7051" />
			</ITEMS>
		</PARAMETER>
		
		<PARAMETER NAME="TABLE" FIELD="TEXT" NUM_ROW="30" REQUIRED="true"
			GROUP="TABLE_GROUP">
			<DEFAULT>"customers"</DEFAULT>
		</PARAMETER>
		<PARAMETER NAME="CREATE_TABLE" FIELD="CLOSED_LIST" NUM_ROW="30"
			REQUIRED="true" GROUP="TABLE_GROUP">
			<ITEMS DEFAULT="NONE">
				<ITEM NAME="NONE" VALUE="NONE" />
				<ITEM NAME="CREATE_IF_DOES_NOT_EXIST" VALUE="CREATE_IF_DOES_NOT_EXIST" />
				<ITEM NAME="DELETE_AND_CREATE" VALUE="DELETE_AND_CREATE" />
			</ITEMS>
		</PARAMETER>
		<PARAMETER NAME="OPERATION" FIELD="CLOSED_LIST" NUM_ROW="60"
			REQUIRED="true">
			<ITEMS DEFAULT="INSERT">
				<ITEM NAME="INSERT" VALUE="INSERT" />
				<ITEM NAME="UPDATE" VALUE="UPDATE" />
				<ITEM NAME="UPSERT" VALUE="UPSERT" />
				<ITEM NAME="DELETE" VALUE="DELETE" />
			</ITEMS>
		</PARAMETER>
	</PARAMETERS>
	<ADVANCED_PARAMETERS>
		<PARAMETER NAME="USE_DEFAULTS" FIELD="CHECK"
			NUM_ROW="1" REQUIRED="true">
			<DEFAULT>false</DEFAULT>
		</PARAMETER>
		<PARAMETER NAME="REPLICA_NUMBER" FIELD="INTEGER" NUM_ROW="2" REQUIRED="true"
			 NOT_SHOW_IF="USE_DEFAULTS == 'true'">
			<DEFAULT>3</DEFAULT>
		</PARAMETER>
		<PARAMETER NAME="FLUSH_ACTION" FIELD="CLOSED_LIST" NUM_ROW="3" REQUIRED="true" 
			GROUP="SESSION_CONFIGURATION" NOT_SHOW_IF="USE_DEFAULTS == 'true'">
			<ITEMS DEFAULT="AUTO_FLUSH_SYNC">
				<ITEM NAME="AUTO_FLUSH_SYNC" VALUE="AUTO_FLUSH_SYNC" />
				<ITEM NAME="AUTO_FLUSH_BACKGROUND" VALUE="AUTO_FLUSH_BACKGROUND" />
				<!-- <ITEM NAME="MANUAL_FLUSH" VALUE="MANUAL_FLUSH" /> -->
			</ITEMS>
		</PARAMETER>
		<PARAMETER NAME="MUTATION_BUFFER_SPACE" FIELD="INTEGER"
			NUM_ROW="3" REQUIRED="true" GROUP="SESSION_CONFIGURATION" 
			NOT_SHOW_IF="(FLUSH_ACTION == 'AUTO_FLUSH_SYNC') OR  (USE_DEFAULTS == 'true')">
			<DEFAULT>1000</DEFAULT>
		</PARAMETER>
		<PARAMETER NAME="NOTE_FLUSH_ACTION" FIELD="LABEL" REQUIRED="true"
			NUM_ROW="4" COLOR="255;0;0" GROUP="SESSION_CONFIGURATION" NOT_SHOW_IF="USE_DEFAULTS == 'true'">
			<DEFAULT>Auto flush background - Every write sent to the server in the background
Auto flush - Every write sent to the server</DEFAULT>
		</PARAMETER>
		<PARAMETER NAME="IGNORE_ALL_DUPLICATE_ROWS" FIELD="CHECK"
			NUM_ROW="5" REQUIRED="true" GROUP="SESSION_CONFIGURATION" NOT_SHOW_IF="USE_DEFAULTS == 'true'">
			<DEFAULT>false</DEFAULT>
		</PARAMETER>
		<PARAMETER NAME="FAIL_ON_OPERATION_ERROR" FIELD="CHECK"
			NUM_ROW="6" REQUIRED="true">
			<DEFAULT>true</DEFAULT>
		</PARAMETER>
	</ADVANCED_PARAMETERS>
	<CODEGENERATION>
		<IMPORTS>
			<IMPORT MODULE="kudu-2.2-jar-with-dependencies.jar" NAME="kudu-2.2-jar-with-dependencies"
				REQUIRED="true" />
		</IMPORTS>
	</CODEGENERATION>
	<RETURNS>
		<RETURN AVAILABILITY="AFTER" NAME="NB_LINE" TYPE="id_Integer" />
		<RETURN AVAILABILITY="AFTER" NAME="NB_ERROR" TYPE="id_Integer" />
	</RETURNS>
</COMPONENT>
