<?xml version="1.0" encoding="UTF-8"?>

<COMPONENT> 
  <HEADER AUTHOR="PowerUp" 
          COMPATIBILITY="ALL"
          DATA_AUTO_PROPAGATE="false" 
          SCHEMA_AUTO_PROPAGATE="true"
          PLATEFORM="ALL" 
          RELEASE_DATE="20110731PM" 
          SERIAL="" 
          STARTABLE="true" 
          STATUS="ALPHA" 
          VERSION="0.200"> 
    <SIGNATURE/> 
  </HEADER>  
  <FAMILIES> 
    <FAMILY>PowerUp/World Bank</FAMILY>
  </FAMILIES>  
  <DOCUMENTATION> 
    <URL>http://www.powerupbi.com/talend/WorldBank.html</URL> 
  </DOCUMENTATION>  
  <CONNECTORS> 
    <CONNECTOR CTYPE="FLOW" MAX_OUTPUT="0"/>
    <CONNECTOR NAME="INDICATOR" CTYPE="FLOW" MIN_OUTPUT="1" MAX_OUTPUT="1" MAX_INPUT="0" LINE_STYLE="1"
      BASE_SCHEMA="FLOW"/>
    <CONNECTOR CTYPE="ITERATE" MAX_OUTPUT="1" MAX_INPUT="1"/>
    <CONNECTOR CTYPE="SUBJOB_OK" MAX_OUTPUT="1" MAX_INPUT="1"/>
    <CONNECTOR CTYPE="COMPONENT_OK" MAX_OUTPUT="1" MAX_INPUT="1"/>
    <CONNECTOR CTYPE="COMPONENT_ERROR" MAX_OUTPUT="1" MAX_INPUT="1"/>
    <CONNECTOR CTYPE="RUN_IF" MAX_OUTPUT="1" MAX_INPUT="1"/>  
  </CONNECTORS>  
  <PARAMETERS> 
   <PARAMETER NAME="DIEONERROR" FIELD="CHECK" NUM_ROW="1"/>
   <PARAMETER NAME="SCHEMA_COUNTRY" FIELD="SCHEMA_TYPE" REQUIRED="true" NUM_ROW="1" CONTEXT="INDICATOR">
     <TABLE READONLY="true">
      <COLUMN NAME="ID" TYPE="id_String" READONLY="true" CUSTOM="true"/>
      <COLUMN NAME="NAME" TYPE="id_String" READONLY="true" CUSTOM="true"/>
      <COLUMN NAME="SOURCE" TYPE="id_String" READONLY="true" CUSTOM="true"/>
      <COLUMN NAME="SOURCENOTE" TYPE="id_String" READONLY="true" CUSTOM="true"/>
      <COLUMN NAME="SOURCEORG" TYPE="id_String" READONLY="true" CUSTOM="true"/>
      <COLUMN NAME="TOPICS" TYPE="id_String" READONLY="true" CUSTOM="true"/>
     </TABLE>
    </PARAMETER> 
    <PARAMETER NAME="SOURCE" FIELD="TEXT" REQUIRED="false" NUM_ROW ="2"/>
  </PARAMETERS>  
  <ADVANCED_PARAMETERS>
  </ADVANCED_PARAMETERS>  
  <CODEGENERATION>
   <IMPORTS>
    <IMPORT NAME="json-simple" 
            MODULE="json_simple-1.1.jar" REQUIRED="true" />
    <IMPORT NAME="powerup-time" 
            MODULE="powerup-WorldBank-0.1.jar" REQUIRED="true" />
   </IMPORTS>
  </CODEGENERATION>  
  <RETURNS> 
    <RETURN AVAILABILITY="AFTER" NAME="NB_LINE" TYPE="id_Integer"/>
  </RETURNS> 
</COMPONENT>
