<?xml version="1.0" encoding="UTF-8"?>

<COMPONENT> 
  <HEADER AUTHOR="Talend" COMPATIBILITY="ALL" DATA_AUTO_PROPAGATE="false" PLATEFORM="ALL" RELEASE_DATE="20080229A" SCHEMA_AUTO_PROPAGATE="false" SERIAL="" STARTABLE="false" STATUS="ALPHA" VERSION="0.102"> 
    <SIGNATURE/> 
  </HEADER>  
  <FAMILIES> 
    <FAMILY>Postcode Anywhere</FAMILY> 
  </FAMILIES>  
  <DOCUMENTATION> 
    <URL/> 
  </DOCUMENTATION>  
  <CONNECTORS> 
    <CONNECTOR CTYPE="FLOW" MAX_INPUT="1"/> 
    <CONNECTOR CTYPE="FLOW" MAX_OUTPUT="1"/> 
  </CONNECTORS>  
  <PARAMETERS> 
    <PARAMETER FIELD="SCHEMA_TYPE" NAME="SCHEMA" NB_LINES="1" NUM_ROW="1" REQUIRED="true" READONLY="false">
    	<TABLE>
    		<COLUMN NAME="Id" TYPE="id_String" LENGTH="10" READONLY="true" CUSTOM="true"/>
    		<COLUMN NAME="Confidence" TYPE="id_String" LENGTH="10" READONLY="true" CUSTOM="true"/>
    		<COLUMN NAME="ConfidenceRank" TYPE="id_String" LENGTH="10" READONLY="true" CUSTOM="true"/>
    	</TABLE>
    </PARAMETER>
    <PARAMETER FIELD="PREV_COLUMN_LIST" NAME="ADDRESS" NB_LINES="1" NUM_ROW="2" REQUIRED="true"/>
    <PARAMETER FIELD="TEXT" NAME="CONFIDENCERANKS" NB_LINES="1" NUM_ROW="3" REQUIRED="true"/>
    <PARAMETER FIELD="TEXT" NAME="KEY" NB_LINES="1" NUM_ROW="4" REQUIRED="true"/>
  </PARAMETERS>  
  <CODEGENERATION></CODEGENERATION>  
  <RETURNS> 
    <RETURN AVAILABILITY="AFTER" NAME="NB_LINE" TYPE="id_Integer"/> 
  </RETURNS> 
</COMPONENT>
