<COMPONENT>
  <HEADER
    PLATEFORM="ALL"
    SERIAL=""
    VERSION="0.2"
    STATUS="ALPHA"
    
    COMPATIBILITY="ALL"
    AUTHOR="Benoit Courtine"
    RELEASE_DATE="20090316A"
    STARTABLE="false"
    DATA_AUTO_PROPAGATE="false"
    HAS_CONDITIONAL_OUTPUTS="true"
    PARALLELIZE="true"
  >
    <SIGNATURE/>
  </HEADER>

  <DOCUMENTATION>
    <URL/>
  </DOCUMENTATION>

  <CONNECTORS>
    <CONNECTOR CTYPE="FLOW" MAX_INPUT="1" MAX_OUTPUT="1"/>
    <CONNECTOR NAME="REJECT" CTYPE="FLOW" MAX_INPUT="0" MAX_OUTPUT="1" LINE_STYLE="2" COLOR="FF0000" BASE_SCHEMA="FLOW" />
    <CONNECTOR CTYPE="ITERATE" MAX_OUTPUT="0" MAX_INPUT="0"/>
    <CONNECTOR CTYPE="SUBJOB_OK" MAX_INPUT="1" />
    <CONNECTOR CTYPE="SUBJOB_ERROR" MAX_INPUT="1" />
    <CONNECTOR CTYPE="COMPONENT_OK"/>
    <CONNECTOR CTYPE="COMPONENT_ERROR"/>
    <CONNECTOR CTYPE="RUN_IF"/>
  </CONNECTORS>

  <PARAMETERS>
    <PARAMETER
      NAME="PROPERTY"
      FIELD="PROPERTY_TYPE"
      NUM_ROW="1"
      REPOSITORY_VALUE="DATABASE:INFORMIX"
	  SHOW_IF="USE_EXISTING_CONNECTION == 'false'"
    />

	<PARAMETER
      NAME="USE_EXISTING_CONNECTION"
      FIELD="CHECK"
      NUM_ROW="2"
    >
      <DEFAULT>false</DEFAULT>
    </PARAMETER>    
    
    <PARAMETER
      NAME="CONNECTION"
      FIELD="COMPONENT_LIST"
      FILTER="tInformixConnection"
      NUM_ROW="2"
      SHOW_IF="USE_EXISTING_CONNECTION == 'true'"
    />
	
    <PARAMETER
      NAME="HOST"
      FIELD="TEXT"
      NUM_ROW="3"
      REPOSITORY_VALUE="SERVER_NAME"
	  SHOW_IF="USE_EXISTING_CONNECTION == 'false'"
    >
      <DEFAULT>""</DEFAULT>
    </PARAMETER>

    <PARAMETER
      NAME="PORT"
      FIELD="TEXT"
      NUM_ROW="3"
      REPOSITORY_VALUE="PORT"
	  SHOW_IF="USE_EXISTING_CONNECTION == 'false'"
    >
      <DEFAULT>"1533"</DEFAULT>
    </PARAMETER>
	<PARAMETER
      NAME="TYPE"
      FIELD="TEXT"
      NUM_ROW="4"
      SHOW="false"
      REPOSITORY_VALUE="TYPE"
    >
      <DEFAULT>Informix</DEFAULT>
    </PARAMETER>   
    <PARAMETER
      NAME="DBNAME"
      FIELD="TEXT"
      NUM_ROW="4"
      REPOSITORY_VALUE="SID"
      REQUIRED="true"
	  SHOW_IF="USE_EXISTING_CONNECTION == 'false'"
    >
      <DEFAULT>""</DEFAULT>
    </PARAMETER>
    
    <PARAMETER
      NAME="DBSERVER"
      FIELD="TEXT"
      NUM_ROW="4"
      REQUIRED="true"
      REPOSITORY_VALUE="DATASOURCE"
	  SHOW_IF="USE_EXISTING_CONNECTION == 'false'"
    >
      <DEFAULT>""</DEFAULT>
    </PARAMETER>    

	<PARAMETER
      NAME="USER"
      FIELD="TEXT"
      NUM_ROW="5"
      REPOSITORY_VALUE="USERNAME"
      REQUIRED="true"
	  SHOW_IF="USE_EXISTING_CONNECTION == 'false'"
    >
      <DEFAULT>"root"</DEFAULT>
    </PARAMETER>
    
    <PARAMETER
      NAME="PASS"
      FIELD="TEXT"
      NUM_ROW="5"
      REPOSITORY_VALUE="PASSWORD"
      REQUIRED="true"
	  SHOW_IF="USE_EXISTING_CONNECTION == 'false'"
    >
      <DEFAULT>""</DEFAULT>
    </PARAMETER>

    <PARAMETER
      NAME="TABLE"
      FIELD="DBTABLE"
      NUM_ROW="6"
      REQUIRED="true"
    >
      <DEFAULT>""</DEFAULT>
    </PARAMETER>

    <PARAMETER
      NAME="TABLE_ACTION"
      FIELD="CLOSED_LIST"
      NUM_ROW="7"
    >
      <ITEMS DEFAULT="NONE">
        <ITEM NAME="NONE" VALUE="NONE" />
        <ITEM NAME="DROP_CREATE" VALUE="DROP_CREATE"/>
        <ITEM NAME="CREATE" VALUE="CREATE"/>
        <ITEM NAME="CREATE_IF_NOT_EXISTS" VALUE="CREATE_IF_NOT_EXISTS"/>
        <ITEM NAME="DROP_IF_EXISTS_AND_CREATE" VALUE="DROP_IF_EXISTS_AND_CREATE" />
        <ITEM NAME="CLEAR" VALUE="CLEAR"/>
        <ITEM NAME="TRUNCATE" VALUE="TRUNCATE"/>
      </ITEMS>
    </PARAMETER>

    <PARAMETER
      NAME="DATA_ACTION"
      FIELD="CLOSED_LIST"
      NUM_ROW="7"
    >
      <ITEMS DEFAULT="INSERT">
        <ITEM NAME="INSERT"           VALUE="INSERT" />
        <ITEM NAME="UPDATE"           VALUE="UPDATE"/>
        <ITEM NAME="INSERT_OR_UPDATE" VALUE="INSERT_OR_UPDATE"/>
        <ITEM NAME="UPDATE_OR_INSERT" VALUE="UPDATE_OR_INSERT"/>
        <ITEM NAME="DELETE"           VALUE="DELETE"/>
      </ITEMS>
    </PARAMETER>
         
    <PARAMETER
      NAME="SCHEMA_FLOW"
      FIELD="SCHEMA_TYPE"
      NUM_ROW="8"
    >
      <DEFAULT>""</DEFAULT>
    </PARAMETER>
    
    <PARAMETER
      NAME="SCHEMA_REJECT"
      FIELD="SCHEMA_TYPE"
      REQUIRED="true"
      NUM_ROW="8"
      CONTEXT="REJECT"
      SHOW="true">
      <TABLE READONLY="true">
        <COLUMN NAME="errorCode" TYPE="id_String" LENGTH="255" READONLY="false" CUSTOM="true"/>
        <COLUMN NAME="errorMessage" TYPE="id_String" LENGTH="255" READONLY="false" CUSTOM="true"/>
      </TABLE>
    </PARAMETER>    
    
    <PARAMETER
      NAME="DIE_ON_ERROR"
      FIELD="CHECK"
      NUM_ROW="9"
    >
      <DEFAULT>false</DEFAULT>
    </PARAMETER>
    
	<PARAMETER
      NAME="MAPPING"
      FIELD="MAPPING_TYPE"
      NUM_ROW="11"
      SHOW="false"
    >       
      <DEFAULT>informix_id</DEFAULT>
    </PARAMETER>    
    
  </PARAMETERS>
  
  <ADVANCED_PARAMETERS>
  	<PARAMETER NAME="PROPERTIES" FIELD="TEXT" NUM_ROW="4" REPOSITORY_VALUE="PROPERTIES_STRING" SHOW_IF="USE_EXISTING_CONNECTION == 'false'">
		<DEFAULT>""</DEFAULT>
	</PARAMETER>
  
  	<PARAMETER
      NAME="ENCODING"
      FIELD="TEXT"
      NUM_ROW="9"
      REQUIRED="true"
    >
      <DEFAULT>"ISO-8859-15"</DEFAULT>
    </PARAMETER>

    <PARAMETER
      NAME="COMMIT_EVERY"
      FIELD="TEXT"
      NUM_ROW="9"
      REQUIRED="true"
	  SHOW_IF="USE_EXISTING_CONNECTION == 'false'"
    >
      <DEFAULT>10000</DEFAULT>
    </PARAMETER>

    <PARAMETER
      NAME="ADD_COLS"
      FIELD="TABLE"
      REQUIRED="false"
      NUM_ROW="10"
      NB_LINES="3"
    >
      <ITEMS>

        <ITEM NAME="NAME" VALUE='"colname"' />
		<ITEM NAME="DATATYPE" VALUE="VARCHAR(50)" NOT_SHOW_IF="(TABLE_ACTION=='NONE') or (TABLE_ACTION=='CLEAR')"/>	
        <ITEM NAME="SQL" VALUE='"now()"' />

        <ITEM NAME="POS" FIELD="CLOSED_LIST">
          <ITEMS DEFAULT="BEFORE">
            <ITEM NAME="BEFORE" VALUE="BEFORE"/>
            <ITEM NAME="AFTER" VALUE="AFTER"/>
            <ITEM NAME="REPLACE" VALUE="REPLACE"/>
          </ITEMS>
        </ITEM>

        <ITEM NAME="REFCOL" FIELD="COLUMN_LIST" />

      </ITEMS>
    </PARAMETER>

    <PARAMETER
      NAME="USE_FIELD_OPTIONS"
      FIELD="CHECK"
      NUM_ROW="12"
    >
      <DEFAULT>false</DEFAULT>
    </PARAMETER>

    <PARAMETER
      NAME="FIELD_OPTIONS"
      FIELD="TABLE"
      REQUIRED="true"
      NUM_ROW="13"
      NB_LINES="5"
      SHOW_IF="USE_FIELD_OPTIONS == 'true'"
    >
      <ITEMS BASED_ON_SCHEMA="true">
        <ITEM NAME="UPDATE_KEY" VALUE="false" FIELD="CHECK" />
        <ITEM NAME="DELETE_KEY" VALUE="false" FIELD="CHECK" />
        <ITEM NAME="UPDATABLE"  VALUE="true"  FIELD="CHECK" />
        <ITEM NAME="INSERTABLE" VALUE="true"  FIELD="CHECK" />
      </ITEMS>
    </PARAMETER>
    
  	<PARAMETER 
  	  NAME="ENABLE_DEBUG_MODE" 
  	  FIELD="CHECK"
	  NUM_ROW="15">
	  <DEFAULT>false</DEFAULT>
	</PARAMETER>    
  </ADVANCED_PARAMETERS>

  <CODEGENERATION>
     <IMPORTS>
		<IMPORT NAME="Driver-Informix" MODULE="ifxjdbc.jar" REQUIRED="true" />
		<IMPORT NAME="Driver-Informix" MODULE="ifxjdbcx.jar" REQUIRED="true" />
		<IMPORT NAME="Driver-Informix" MODULE="ifxlang.jar" REQUIRED="true" />
		<IMPORT NAME="Driver-Informix" MODULE="ifxlsupp.jar" REQUIRED="true" />
		<IMPORT NAME="Driver-Informix" MODULE="ifxsqlj.jar" REQUIRED="true" />
		<IMPORT NAME="Driver-Informix" MODULE="ifxtools.jar" REQUIRED="true" />
     </IMPORTS>
  </CODEGENERATION>
   
  <RETURNS>
    <RETURN NAME="NB_LINE"          TYPE="id_Integer" AVAILABILITY="AFTER"/>
    <RETURN NAME="NB_LINE_UPDATED"  TYPE="id_Integer" AVAILABILITY="AFTER"/>
    <RETURN NAME="NB_LINE_INSERTED" TYPE="id_Integer" AVAILABILITY="AFTER"/>
    <RETURN NAME="NB_LINE_DELETED"  TYPE="id_Integer" AVAILABILITY="AFTER"/>
    <RETURN NAME="QUERY" TYPE="id_String" AVAILABILITY="AFTER" />
  </RETURNS>
</COMPONENT>