<COMPONENT>
	<HEADER PLATEFORM="ALL" SERIAL="" VERSION="2.0" STATUS="STABLE"
		COMPATIBILITY="ALL" AUTHOR="simone.bianchi@gmail.com" RELEASE_DATE="20160123"
		STARTABLE="true">
		<SIGNATURE></SIGNATURE>
	</HEADER>

  <FAMILIES>
    <FAMILY>Databases/DBF</FAMILY>
  </FAMILIES>
	<DOCUMENTATION>
		<URL />
	</DOCUMENTATION>
	<CONNECTORS>
		<CONNECTOR CTYPE="FLOW" MAX_INPUT="0" MAX_OUTPUT="1"/>
		<CONNECTOR CTYPE="ITERATE" MAX_OUTPUT="1" MAX_INPUT="1" />
		<CONNECTOR CTYPE="SUBJOB_OK" MAX_INPUT="1" />
		<CONNECTOR CTYPE="SUBJOB_ERROR" MAX_INPUT="1" />
		<CONNECTOR CTYPE="COMPONENT_OK" />
		<CONNECTOR CTYPE="COMPONENT_ERROR" />
		<CONNECTOR CTYPE="RUN_IF" />
	</CONNECTORS>

	<PARAMETERS>
		<PARAMETER NAME="SCHEMA" FIELD="SCHEMA_TYPE" REQUIRED="true"
			NUM_ROW="10" />
	     
	     <PARAMETER
      NAME="MASHAPEKEY"
      FIELD="TEXT"
      NUM_ROW="15"
      REQUIRED="true"
    >
      <DEFAULT>""</DEFAULT>
    </PARAMETER>
	     
	     <PARAMETER NAME="FILENAME" FIELD="FILE" NUM_ROW="20"
			REQUIRED="true" >
			<DEFAULT>"__COMP_DEFAULT_FILE_DIR__/source.dbf"</DEFAULT>
		</PARAMETER>
		
		<PARAMETER
      NAME="PAGENRO"
      FIELD="TEXT"
      NUM_ROW="20"
      REQUIRED="true"
    >
      <DEFAULT>1</DEFAULT>
    </PARAMETER>
		
		 <PARAMETER NAME="CHARSET" FIELD="CLOSED_LIST" NUM_ROW="25" REQUIRED="true">
       <ITEMS DEFAULT="UTF8">
	  <ITEM NAME="UTF8"   VALUE='"UTF-8"' />
	  <ITEM NAME="ISO88591"   VALUE='"ISO-8859-1"' />
	  <ITEM NAME="CUSTOM"   VALUE="CUSTOM" />
       </ITEMS>
       
    </PARAMETER>
    
    <PARAMETER
      NAME="CHARSETNAME"
      FIELD="TEXT"
      NUM_ROW="25"
      REQUIRED="false"
      SHOW_IF="CHARSET=='CUSTOM'"
    >
      <DEFAULT>"UTF-8"</DEFAULT>
    </PARAMETER>
		
	     
		<PARAMETER NAME="DEBUG" FIELD="CHECK" REQUIRED="false"
	NUM_ROW="30" >
		<DEFAULT>false</DEFAULT>
	</PARAMETER>
		<PARAMETER NAME="SCHEMANAME" FIELD="FILE" NUM_ROW="40"
			REQUIRED="true" SHOW_IF="DEBUG=='true'" >
			<DEFAULT>"__COMP_DEFAULT_FILE_DIR__/schema.xml"</DEFAULT>
		</PARAMETER>
	    

	</PARAMETERS>

	 <CODEGENERATION>
	<IMPORTS>
		  <IMPORT NAME="tdbfinput2011" MODULE="tdbfinput2-0.1.1.jar" REQUIRED="true"/>
		  <IMPORT NAME="activation-1.1" MODULE="activation-1.1.jar" REQUIRED="true" />  
		  <IMPORT NAME="commons-beanutils-1.9.2" MODULE="commons-beanutils-1.9.2.jar" REQUIRED="true" />  
      <IMPORT NAME="commons-codec-1.6" MODULE="commons-codec-1.6.jar" REQUIRED="true" />  
      <IMPORT NAME="commons-collections-3.2.1" MODULE="commons-collections-3.2.1.jar" REQUIRED="true" />  
      <IMPORT NAME="commons-logging-1.1.3" MODULE="commons-logging-1.1.3.jar" REQUIRED="true" /> 
      <IMPORT NAME="gson-1.7.1" MODULE="gson-1.7.1.jar" REQUIRED="true" /> 
      <IMPORT NAME="httpasyncclient-4.0.2" MODULE="httpasyncclient-4.0.2.jar" REQUIRED="true" />  
      <IMPORT NAME="httpclient-4.3.6" MODULE="httpclient-4.3.6.jar" REQUIRED="true" />
      <IMPORT NAME="httpcore-4.3.3" MODULE="httpcore-4.3.3.jar" REQUIRED="true" />  
      <IMPORT NAME="httpcore-nio-4.3.2" MODULE="httpcore-nio-4.3.2.jar" REQUIRED="true" />  
      <IMPORT NAME="httpmime-4.3.6" MODULE="httpmime-4.3.6.jar" REQUIRED="true" />
      <IMPORT NAME="jaxb-api-2.1" MODULE="jaxb-api-2.1.jar" REQUIRED="true" />
      <IMPORT NAME="stax-api-1.0-2" MODULE="stax-api-1.0-2.jar" REQUIRED="false" />
      <IMPORT NAME="json-20140107" MODULE="json-20140107.jar" REQUIRED="true" />
      <IMPORT NAME="unirest-java-1.4.7" MODULE="unirest-java-1.4.7.jar" REQUIRED="true" />
	</IMPORTS>
  </CODEGENERATION>
	<RETURNS>
		<RETURN NAME="NB_LINE" TYPE="id_Integer" AVAILABILITY="AFTER" />
	</RETURNS>
</COMPONENT>