<?xml version="1.0" encoding="UTF-8"?>

<COMPONENT> 
  <HEADER AUTHOR="Talend" 
          COMPATIBILITY="ALL" 
          DATA_AUTO_PROPAGATE="false" 
          PLATEFORM="ALL" 
          RELEASE_DATE="20080229A" 
          SERIAL="" 
          STARTABLE="true"         
          STATUS="ALPHA" 
          VERSION="0.102"> 
    <SIGNATURE/> 
  </HEADER>  
  <FAMILIES> 
    <FAMILY>User</FAMILY> 
  </FAMILIES>  
  <DOCUMENTATION> 
    <URL/> 
  </DOCUMENTATION>  
  <CONNECTORS>
    <CONNECTOR CTYPE="FLOW" MAX_INPUT="1" MAX_OUTPUT="1"/> 
    <CONNECTOR CTYPE="SUBJOB_OK" MAX_INPUT="1" />
    <CONNECTOR CTYPE="SUBJOB_ERROR" MAX_INPUT="1" />
    <CONNECTOR CTYPE="COMPONENT_OK"/>
    <CONNECTOR CTYPE="COMPONENT_ERROR"/>
    <CONNECTOR CTYPE="RUN_IF"/>     
  </CONNECTORS>  
  <PARAMETERS>   
      <PARAMETER
      NAME="SERVERHOSTNAME"
      FIELD="TEXT"      
      NUM_ROW="15" 
    >
      <DEFAULT>"127.0.0.1"</DEFAULT>
    </PARAMETER>
    <PARAMETER
      NAME="PORT"
      FIELD="TEXT"
      SHOW="true"
      NUM_ROW="15" 
    > 
      <DEFAULT>3456</DEFAULT>
    </PARAMETER>   
    <PARAMETER
      NAME="USER"
      FIELD="TEXT"      
      NUM_ROW="20" 
    >
      <DEFAULT>"user"</DEFAULT>
    </PARAMETER>   
    <PARAMETER
      NAME="PWD"
      FIELD="TEXT"      
      NUM_ROW="20" 
    >
      <DEFAULT>"password"</DEFAULT>
    </PARAMETER>   
    <PARAMETER
      NAME="PROMPT"
      FIELD="TEXT"      
      NUM_ROW="25" 
    >      
    <DEFAULT>"hostlogin"</DEFAULT>
    </PARAMETER>  
    <PARAMETER
      NAME="TABCOMMAND"
      FIELD="TABLE"
      REQUIRED="true"
      NUM_ROW="40"
      NB_LINES="5"
    >
      <ITEMS>
        <ITEM NAME="SEND" FIELD="TEXT" VALUE='"Telnet command"' />        
      </ITEMS>
    </PARAMETER>  
    
   
  </PARAMETERS>  
  <ADVANCED_PARAMETERS>  
    <PARAMETER NAME="IMPORT" FIELD="MEMO_IMPORT" REQUIRED="false" NUM_ROW="1" NB_LINES="3" SHOW="false">
      <DEFAULT>import de.mud.telnet.*;</DEFAULT>
    </PARAMETER> 
  </ADVANCED_PARAMETERS>  
  <CODEGENERATION>
     <IMPORTS>
      <IMPORT NAME="Jartelnet" MODULE="jta26.jar" REQUIRED="true" />
     </IMPORTS> 
  </CODEGENERATION>  
  <RETURNS> 
    <RETURN AVAILABILITY="AFTER" NAME="NB_LINE" TYPE="id_Integer"/> 
  </RETURNS> 
</COMPONENT>
