<COMPONENT>
  <HEADER
    PLATEFORM="ALL"
    SERIAL=""
    VERSION="0.1"
    STATUS="ALPHA"
    IS_MULTIPLYING_OUTPUTS="true"     
    COMPATIBILITY="ALL"
    AUTHOR="Benoit Courtine"
    RELEASE_DATE="20090508A"
    STARTABLE="true"
  >
    <SIGNATURE></SIGNATURE>
  </HEADER>

  <FAMILIES>
    <FAMILY>System</FAMILY>
    <FAMILY>Orchestration</FAMILY>
  </FAMILIES>

  <DOCUMENTATION>
    <URL/>
  </DOCUMENTATION>

  <CONNECTORS>
    <CONNECTOR CTYPE="FLOW" MAX_INPUT="0" MAX_OUTPUT="1"/>
    <CONNECTOR CTYPE="ITERATE" MAX_OUTPUT="0" MAX_INPUT="1"/>
    <CONNECTOR CTYPE="SUBJOB_OK" MAX_INPUT="1" />
    <CONNECTOR CTYPE="SUBJOB_ERROR" MAX_INPUT="1" />
    <CONNECTOR CTYPE="COMPONENT_OK"/>
    <CONNECTOR CTYPE="COMPONENT_ERROR"/>
    <CONNECTOR CTYPE="RUN_IF"/>
  </CONNECTORS>

  <PARAMETERS>

	<PARAMETER NAME="SCHEMA" FIELD="SCHEMA_TYPE" REQUIRED="true" NUM_ROW="1" />    
    
    <PARAMETER NAME="PROCESS" FIELD="PROCESS_TYPE" NUM_ROW="10"/>
    
    <PARAMETER NAME="DIE_ON_CHILD_ERROR" FIELD="CHECK" NUM_ROW="15">
      <DEFAULT>true</DEFAULT>
    </PARAMETER> 
        
    <PARAMETER
      NAME="TRANSMIT_WHOLE_CONTEXT"
      FIELD="CHECK"
      NUM_ROW="20"
    >
      <DEFAULT>false</DEFAULT>
    </PARAMETER>    
    
    <PARAMETER NAME="CONTEXTPARAMS" FIELD="TABLE" NUM_ROW="30" NB_LINES="8">
      <ITEMS>
        <ITEM NAME="PARAM_NAME_COLUMN" FIELD="CONTEXT_PARAM_NAME_LIST" />
        <ITEM NAME="PARAM_VALUE_COLUMN" FIELD="TEXT" />
      </ITEMS>
    </PARAMETER>
   </PARAMETERS>
   
   <ADVANCED_PARAMETERS>	  
		<PARAMETER NAME="PRINT_PARAMETER" FIELD="CHECK" REQUIRED="true" NUM_ROW="30">
			<DEFAULT>false</DEFAULT>
		</PARAMETER>
   </ADVANCED_PARAMETERS>		   

   <CODEGENERATION>
   </CODEGENERATION>
   
  <RETURNS>
   <RETURN NAME="CHILD_RETURN_CODE" TYPE="id_Integer" AVAILABILITY="AFTER"/>
   <RETURN NAME="CHILD_EXCEPTION_STACKTRACE" TYPE="id_String" AVAILABILITY="AFTER"/>
  </RETURNS>
  
</COMPONENT>
