<?xml version="1.0" encoding="UTF-8"?>

<COMPONENT>
	<HEADER AUTHOR="Onepoint Ltd" COMPATIBILITY="ALL"
		DATA_AUTO_PROPAGATE="true" PLATEFORM="ALL" RELEASE_DATE="20160426A"
		SERIAL="" STARTABLE="false" STATUS="ALPHA" VERSION="0.1">
		<SIGNATURE />
	</HEADER>
	<FAMILIES>
		<FAMILY>Databases/Aerospike</FAMILY>
	</FAMILIES>
	<DOCUMENTATION>
		<URL>http://www.onepointltd.com</URL>
	</DOCUMENTATION>
	<CONNECTORS>
		<CONNECTOR CTYPE="FLOW" MAX_INPUT="1" MAX_OUTPUT="1"
			MIN_INPUT="1" MIN_OUTPUT="0" />
	</CONNECTORS>
	<PARAMETERS>
		<PARAMETER NAME="SCHEMA" FIELD="SCHEMA_TYPE" REQUIRED="true"
			NUM_ROW="1">
			<TABLE READONLY="true">
				<COLUMN NAME="key" TYPE="id_String" READONLY="true" CUSTOM="true"
					LENGTH="256" KEY="true" NULLABLE="false" COMMENT="Aerospike key representation" />
			</TABLE>
		</PARAMETER>
		<PARAMETER NAME="SERVER" FIELD="TEXT" NUM_ROW="2" REQUIRED="true"
			GROUP="DATASOURCE">
			<DEFAULT>"localhost"</DEFAULT>
		</PARAMETER>
		<PARAMETER NAME="PORT" FIELD="INTEGER" NUM_ROW="2" REQUIRED="true"
			GROUP="DATASOURCE">
			<DEFAULT>3000</DEFAULT>
		</PARAMETER>
		<PARAMETER NAME="NAMESPACE" FIELD="TEXT" NUM_ROW="3"
			REQUIRED="true" GROUP="DATASOURCE">
			<DEFAULT>"my_namespace"</DEFAULT>
		</PARAMETER>
		<PARAMETER NAME="SET" FIELD="TEXT" NUM_ROW="4" REQUIRED="true">
			<DEFAULT>"customers"</DEFAULT>
		</PARAMETER>
	</PARAMETERS>
	<ADVANCED_PARAMETERS>
	</ADVANCED_PARAMETERS>
	<CODEGENERATION>
		<IMPORTS>
			<IMPORT MODULE="aerospike.adapter-1.5-SNAPSHOT-jar-with-dependencies.jar"
				NAME="aerospike.adapter-1.5-SNAPSHOT-jar-with-dependencies"
				REQUIRED="true" />
		</IMPORTS>
	</CODEGENERATION>
	<RETURNS>
		<RETURN AVAILABILITY="AFTER" NAME="NB_DELETED" TYPE="id_Integer" />
		<RETURN AVAILABILITY="AFTER" NAME="NB_DELETED_FAIL" TYPE="id_Integer" />
	</RETURNS>
</COMPONENT>
