<COMPONENT>
	<HEADER PLATEFORM="ALL" SERIAL="" VERSION="0.1" STATUS="ALPHA"
		COMPATIBILITY="ALL" AUTHOR="Benoit Courtine" RELEASE_DATE="20090507A"
		STARTABLE="false" >
		<SIGNATURE></SIGNATURE>
	</HEADER>

  <FAMILIES>
    <FAMILY>Misc</FAMILY>
  </FAMILIES>

	<DOCUMENTATION>
		<URL />
	</DOCUMENTATION>

	<CONNECTORS>
		<CONNECTOR CTYPE="FLOW" MAX_INPUT="1" />
		<CONNECTOR CTYPE="ITERATE" MAX_OUTPUT="0" MAX_INPUT="0" />
		<CONNECTOR CTYPE="SUBJOB_OK" MAX_INPUT="1" />
		<CONNECTOR CTYPE="SUBJOB_ERROR" MAX_INPUT="1" />
		<CONNECTOR CTYPE="COMPONENT_OK" />
		<CONNECTOR CTYPE="COMPONENT_ERROR" />
		<CONNECTOR CTYPE="RUN_IF" />
	</CONNECTORS>

	<PARAMETERS>
		<PARAMETER NAME="SCHEMA" FIELD="SCHEMA_TYPE" REQUIRED="true"
			NUM_ROW="10" />
			
		<PARAMETER
			NAME="EMPTY_GLOBAL_BUFFER"
			FIELD="CHECK"
			NUM_ROW="20"
		>
			<DEFAULT>false</DEFAULT>
		</PARAMETER>
	</PARAMETERS>

	<CODEGENERATION />

	<RETURNS />

</COMPONENT>