Cegid_AdditionalParams;
Cegid_Database;HOCegid
Cegid_Login;hocegid
Cegid_Password;optitimeHocegid
Cegid_Port;1433
Cegid_Schema;dbo
Cegid_Server;localhost
HO_ref_AdditionalParams;noDatetimeStringSync=true
HO_ref_Database;ho
HO_ref_Login;root
HO_ref_Password;root
HO_ref_Port;3306
HO_ref_Schema;
HO_ref_Server;localhost
HO_sync_AdditionalParams;noDatetimeStringSync=true
HO_sync_Database;ho_sync
HO_sync_Login;root
HO_sync_Password;root
HO_sync_Port;3306
HO_sync_Schema;
HO_sync_Server;localhost
directoryRoot;D:/Projets clients/Hygi�ne Office/EXECUTION
dureeMaxParJour;6
dureeSeuil;3
horairesClient;08:00:00|17:30:00,#12:00:00|13:00:00#
