<?xml version="1.0" encoding="UTF-8"?>

<COMPONENT>
  <HEADER
    AUTHOR="Onepoint Ltd UK"
    COMPATIBILITY="ALL"
    DATA_AUTO_PROPAGATE="true"
    PLATEFORM="ALL"
    RELEASE_DATE="20190730"
    SERIAL=""
    STARTABLE="false"
    STATUS="BETA"
    VERSION="0.1"
    SCHEMA_AUTO_PROPAGATE ="true"
	PARTITIONING="AUTO"
    >
    <SIGNATURE/>
  </HEADER>
  <FAMILIES>
    <FAMILY>Internet/MOM and JMS</FAMILY>
  </FAMILIES>
  <DOCUMENTATION>
    <URL/>
  </DOCUMENTATION>
  <CONNECTORS>
    <CONNECTOR CTYPE="FLOW" MAX_INPUT="1" MAX_OUTPUT="1"/>
    <CONNECTOR CTYPE="ITERATE" MAX_OUTPUT="1" MAX_INPUT="1" />
    <CONNECTOR CTYPE="SUBJOB_OK" MAX_INPUT="1" MAX_OUTPUT="1"/>
    <CONNECTOR CTYPE="SUBJOB_ERROR" MAX_INPUT="1" MAX_OUTPUT="1"/>
    <CONNECTOR CTYPE="COMPONENT_OK" />
    <CONNECTOR CTYPE="COMPONENT_ERROR" />
    <CONNECTOR CTYPE="RUN_IF" />
  </CONNECTORS>
  <PARAMETERS>
    <PARAMETER NAME="SCHEMA" FIELD="SCHEMA_TYPE" READONLY="true" REQUIRED="true" NUM_ROW="1">
      <TABLE READONLY="true">
        <COLUMN NAME="message" TYPE="id_String" LENGTH="255"/>
      </TABLE>
    </PARAMETER>
	
	<PARAMETER NAME="QUEUE" FIELD="RADIO" NUM_ROW="8" REQUIRED="true" >
	<DEFAULT>true</DEFAULT>
	</PARAMETER>

	<PARAMETER NAME="TOPIC" FIELD="RADIO" NUM_ROW="8" REQUIRED="true" >
	<DEFAULT>false</DEFAULT>
	</PARAMETER>

	<PARAMETER FIELD="TEXT" NAME="ENDPOINT" NUM_ROW="10" REQUIRED="true" >
      <DEFAULT>"Endpoint=sb://namespace.servicebus.windows.net/;SharedAccessKeyName=RootManageSharedAccessKey;SharedAccessKey=key"</DEFAULT>
    </PARAMETER>
       
    <PARAMETER FIELD="TEXT" NAME="QUEUENAME" NUM_ROW="60" REQUIRED="true" >
      <DEFAULT>""</DEFAULT>
    </PARAMETER>
    
    
    <PARAMETER FIELD="PREV_COLUMN_LIST" NAME="MSGFIELD" NUM_ROW="70" REQUIRED="true" />
    
    <PARAMETER NAME="BATCH" FIELD="CHECK" NUM_ROW="100">
		<DEFAULT>false</DEFAULT>		
	</PARAMETER>
	
	<PARAMETER FIELD="TEXT" NAME="THRESHOLD" NUM_ROW="110" REQUIRED="true" SHOW_IF="(BATCH == 'true')">
      <DEFAULT>256000</DEFAULT>
    </PARAMETER>	
	
	<PARAMETER FIELD="TEXT" NAME="HEADERSIZE" NUM_ROW="110" REQUIRED="true" SHOW_IF="(BATCH == 'true')">
      <DEFAULT>500</DEFAULT>
    </PARAMETER>
	
    <PARAMETER FIELD="TEXT" NAME="FLUSHTIME" NUM_ROW="120" REQUIRED="true" SHOW_IF="(BATCH == 'true')">
      <DEFAULT>10000</DEFAULT>
    </PARAMETER>
	
    <PARAMETER NAME="DIE_ON_ERROR" FIELD="CHECK" NUM_ROW="500">
		<DEFAULT>false</DEFAULT>
	</PARAMETER>
        
  </PARAMETERS>
    <ADVANCED_PARAMETERS>
  	<PARAMETER NAME="SET_HEADER" FIELD="CHECK" REQUIRED="false" NUM_ROW="100">
  		<DEFAULT>"false"</DEFAULT>
  	</PARAMETER>
  	<PARAMETER NAME="HEADERS" FIELD="TABLE" NB_LINES="8" REQUIRED="false" NUM_ROW="150" SHOW_IF="(SET_HEADER == 'true')">
  		<ITEMS>
  			<ITEM NAME="HEADER_NAME" FIELD="CLOSED_LIST">
  				<ITEMS DEFAULT="DESTINATION">
  					<ITEM NAME="CONTENTTYPE" VALUE="ContentType"/>
  					<ITEM NAME="CORRELATIONID" VALUE="CorrelationId"/>
  					<ITEM NAME="LABEL" VALUE="Label"/>
  					<ITEM NAME="MESSAGEID" VALUE="MessageId"/>
  					<ITEM NAME="PARTITIONKEY" VALUE="PartitionKey"/>
  					<ITEM NAME="PROPERTIES" VALUE="Properties"/>
  					<ITEM NAME="REPLYTO" VALUE="ReplyTo"/>
  					<ITEM NAME="REPLYTOSESSIONID" VALUE="ReplyToSessionId"/>
  					<ITEM NAME="SESSIONID" VALUE="SessionId"/>
  					<ITEM NAME="TO" VALUE="To"/>
  					<ITEM NAME="ENQUEUETIME" VALUE="ScheduledEnqueuedTimeUtc"/>
  				</ITEMS>
  			</ITEM>
  		<ITEM NAME="HEADER_VALUE" FIELD="TEXT"/>
  	</ITEMS>
  </PARAMETER>
  </ADVANCED_PARAMETERS>
  <CODEGENERATION>
    <IMPORTS>
      <IMPORT NAME="slf4j-api" MODULE="slf4j-api-1.7.21.jar" REQUIRED="true"  />
      <IMPORT NAME="slf4j-simple" MODULE="slf4j-simple-1.7.21.jar" REQUIRED="true"  />
      <IMPORT NAME="proton-j" MODULE="proton-j-0.31.0.jar" REQUIRED="true"  />
      <IMPORT NAME="azure-servicebus" MODULE="azure-servicebus-3.4.0.jar" REQUIRED="true"  />      
    </IMPORTS>
  </CODEGENERATION>
  <RETURNS/>
</COMPONENT>
