<?xml version="1.0" encoding="UTF-8"?>

<COMPONENT>
	<HEADER AUTHOR="Cyril Amsellem" COMPATIBILITY="ALL"
		DATA_AUTO_PROPAGATE="false" 
		SCHEMA_AUTO_PROPAGATE="false" 
		PLATEFORM="ALL" RELEASE_DATE="20110512A"
		IS_MULTIPLYING_OUTPUTS="true"
		SERIAL="" STARTABLE="false" STATUS="GA" VERSION="0.3">
		<SIGNATURE />
	</HEADER>
	<FAMILIES>
		<FAMILY>Data_Quality</FAMILY>
	</FAMILIES>
	<DOCUMENTATION>
		<URL />
	</DOCUMENTATION>
	
	<CONNECTORS>
		<CONNECTOR CTYPE="FLOW" MAX_INPUT="1" MAX_OUTPUT="1"/>
		<CONNECTOR NAME="LUCENE" CTYPE="FLOW" MAX_INPUT="0" MAX_OUTPUT="0" />
		<CONNECTOR CTYPE="COMPONENT_OK" />
		<CONNECTOR CTYPE="COMPONENT_ERROR" />
		<CONNECTOR CTYPE="RUN_IF" />
	</CONNECTORS>
	
	<PARAMETERS>
		<PARAMETER NAME="GLOBAL_SCHEMA" FIELD="SCHEMA_TYPE" REQUIRED="true" NUM_ROW="1" GROUP="GRP0">
			<TABLE READONLY="false" IF="RETURN_SCORE == 'true'">
				<COLUMN NAME="SCORE" TYPE="id_Float" READONLY="true" CUSTOM="true" />
			</TABLE>
			<TABLE READONLY="false" NOT_IF="RETURN_SCORE == 'true'" />
		</PARAMETER>
		
		<PARAMETER NAME="LUCENE_INDEX" FIELD="SCHEMA_TYPE"
			REQUIRED="true" NUM_ROW="10" CONTEXT="LUCENE" GROUP="GRP1">
	    </PARAMETER>	    		
		<PARAMETER NAME="INDEX_TYPE" FIELD="CLOSED_LIST" NUM_ROW="20" REQUIRED="true" GROUP="GRP1">
			<ITEMS DEFAULT="FS_INDEX">
				<ITEM NAME="FS_INDEX" VALUE="LABEL_FS_INDEX" />
				<ITEM NAME="RAM_INDEX" VALUE="LABEL_RAM_INDEX" />
			</ITEMS>
		</PARAMETER>
		<PARAMETER NAME="INDEX_FSDIRECTORY" FIELD="DIRECTORY" NUM_ROW="20" SHOW_IF="INDEX_TYPE == 'FS_INDEX'" REQUIRED="true" GROUP="GRP1">
			<DEFAULT>"__COMP_DEFAULT_FILE_DIR__"</DEFAULT>
		</PARAMETER>
		<PARAMETER NAME="INDEX_RAMDIRECTORY_COMPONENT" FIELD="COMPONENT_LIST" NUM_ROW="2" SHOW_IF="INDEX_TYPE == 'RAM_INDEX'" FILTER="tLuceneOutput" DYNAMIC_SETTINGS="false" REQUIRED="true" GROUP="GRP1" />
		<PARAMETER NAME="INDEX_ANALYZER" FIELD="CLOSED_LIST" NUM_ROW="30" REQUIRED="true" GROUP="GRP1">
			<ITEMS DEFAULT="STANDARD_ANALYZER">
				<ITEM NAME="STANDARD_ANALYZER" VALUE="LABEL_STANDARD_ANALYZER" />
				<ITEM NAME="SIMPLE_ANALYZER" VALUE="LABEL_SIMPLE_ANALYZER" />
				<ITEM NAME="WHITESPACE_ANALYZER" VALUE="LABEL_WHITESPACE_ANALYZER" />
			</ITEMS>
		</PARAMETER>
		<PARAMETER NAME="QUERY_MAX_RESULTS" FIELD="TEXT" NUM_ROW="40" GROUP="GRP1">
			<DEFAULT>0</DEFAULT>
		</PARAMETER>
		<PARAMETER NAME="QUERY" FIELD="MEMO" REQUIRED="true" NUM_ROW="50" GROUP="GRP1">
			<DEFAULT>""</DEFAULT>
		</PARAMETER>

	</PARAMETERS>
	<ADVANCED_PARAMETERS>
		<PARAMETER NAME="LUCENE_VERSION" FIELD="CLOSED_LIST" NUM_ROW="1" REQUIRED="false">
			<ITEMS DEFAULT="V31">
				<ITEM NAME="V31" VALUE="LABEL_VERSION_31" />
				<ITEM NAME="V30" VALUE="LABEL_VERSION_30" />
				<ITEM NAME="V29" VALUE="LABEL_VERSION_29" />
				<ITEM NAME="V24" VALUE="LABEL_VERSION_24" />
				<ITEM NAME="V23" VALUE="LABEL_VERSION_23" />
			</ITEMS>
		</PARAMETER>
		<PARAMETER NAME="RETURN_SCORE" FIELD="CHECK" NUM_ROW="2" REQUIRED="false">
			<DEFAULT>false</DEFAULT>
		</PARAMETER>
	</ADVANCED_PARAMETERS>
	<CODEGENERATION>
		<IMPORTS>
			<IMPORT MODULE="lucene-core-3.1.0.jar" NAME="lucene-core-3.1.0" REQUIRED="true" />
		</IMPORTS>
	</CODEGENERATION>
	<RETURNS>
		<RETURN AVAILABILITY="AFTER" NAME="NB_LINE" TYPE="id_Integer" />
	</RETURNS>
</COMPONENT>