<COMPONENT>

  <HEADER
    PLATEFORM="ALL"
    SERIAL=""
    VERSION="0.4"
    STATUS="ALPHA"
    
    COMPATIBILITY="ALL"
    AUTHOR="Benoit Courtine"
    RELEASE_DATE="20090603A"
    STARTABLE="true"
  >
    <SIGNATURE/>
  </HEADER>

  <FAMILIES>
	<FAMILY>Databases/Informix</FAMILY>
  </FAMILIES>
  
  <DOCUMENTATION>
    <URL/>
  </DOCUMENTATION>

  <CONNECTORS>
    <CONNECTOR CTYPE="FLOW" MAX_INPUT="0" MAX_OUTPUT="1"/>
    <CONNECTOR CTYPE="ITERATE" MAX_OUTPUT="1" MAX_INPUT="1"/>
    <CONNECTOR CTYPE="SUBJOB_OK" MAX_INPUT="1" />
    <CONNECTOR CTYPE="SUBJOB_ERROR" MAX_INPUT="1" />
    <CONNECTOR CTYPE="COMPONENT_OK"/>
    <CONNECTOR CTYPE="COMPONENT_ERROR"/>
    <CONNECTOR CTYPE="RUN_IF"/>
  </CONNECTORS>

  <PARAMETERS>

    <PARAMETER
      NAME="PROPERTY"
      FIELD="PROPERTY_TYPE"
      NUM_ROW="1"
      REPOSITORY_VALUE="DATABASE:INFORMIX"
	  SHOW_IF="USE_EXISTING_CONNECTION == 'false'"
    />

	<PARAMETER
      NAME="USE_EXISTING_CONNECTION"
      FIELD="CHECK"
      NUM_ROW="2"
    >
      <DEFAULT>false</DEFAULT>
    </PARAMETER>    

    <PARAMETER
      NAME="CONNECTION"
      FIELD="COMPONENT_LIST"
      FILTER="tInformixConnection"
      NUM_ROW="2"
      SHOW_IF="USE_EXISTING_CONNECTION == 'true'"
    />
	
    <PARAMETER
      NAME="HOST"
      FIELD="TEXT"
      NUM_ROW="3"
      REPOSITORY_VALUE="SERVER_NAME"
	  SHOW_IF="USE_EXISTING_CONNECTION == 'false'"
    >
      <DEFAULT>""</DEFAULT>
    </PARAMETER>

    <PARAMETER
      NAME="PORT"
      FIELD="TEXT"
      NUM_ROW="3"
      REPOSITORY_VALUE="PORT"
	  SHOW_IF="USE_EXISTING_CONNECTION == 'false'"
    >
      <DEFAULT>"1533"</DEFAULT>
    </PARAMETER>
    
	<PARAMETER
      NAME="TYPE"
      FIELD="TEXT"
      NUM_ROW="4"
      SHOW="false"
      REPOSITORY_VALUE="TYPE"
    >
      <DEFAULT>Informix</DEFAULT>
    </PARAMETER>    

    <PARAMETER
      NAME="DBNAME"
      FIELD="TEXT"
      NUM_ROW="4"
      REPOSITORY_VALUE="SID"
      REQUIRED="true"
	  SHOW_IF="USE_EXISTING_CONNECTION == 'false'"
    >
      <DEFAULT>""</DEFAULT>
    </PARAMETER>
    
    <PARAMETER
      NAME="DBSERVER"
      FIELD="TEXT"
      NUM_ROW="4"
      REQUIRED="true"
      REPOSITORY_VALUE="DATASOURCE"
	  SHOW_IF="USE_EXISTING_CONNECTION == 'false'"
    >
      <DEFAULT>""</DEFAULT>
    </PARAMETER>    

    <PARAMETER
      NAME="USER"
      FIELD="TEXT"
      NUM_ROW="6"
      REPOSITORY_VALUE="USERNAME"
      REQUIRED="true"
	  SHOW_IF="USE_EXISTING_CONNECTION == 'false'"
    >
      <DEFAULT>""</DEFAULT>
    </PARAMETER>
    
    <PARAMETER
      NAME="PASS"
      FIELD="TEXT"
      NUM_ROW="6"
      REPOSITORY_VALUE="PASSWORD"
      REQUIRED="true"
	  SHOW_IF="USE_EXISTING_CONNECTION == 'false'"
    >
      <DEFAULT>""</DEFAULT>
    </PARAMETER>

    <PARAMETER
      NAME="SCHEMA"
      FIELD="SCHEMA_TYPE"
      NUM_ROW="7"
    >
      <DEFAULT>""</DEFAULT>
    </PARAMETER>
    
    <PARAMETER
      NAME="TABLE"
      FIELD="DBTABLE"
      NUM_ROW="8"
    >
      <DEFAULT>""</DEFAULT>
    </PARAMETER>
    
    <PARAMETER
      NAME="QUERYSTORE"
      FIELD="QUERYSTORE_TYPE"
      NUM_ROW="9"
    >
      <DEFAULT>""</DEFAULT>
    </PARAMETER>
    
  	<PARAMETER
      NAME="GUESS_SCHEMA"
      FIELD="GUESS_SCHEMA"
      NUM_ROW="9"
    >
      <DEFAULT>""</DEFAULT>
    </PARAMETER>   

    <PARAMETER
      NAME="QUERY"
      FIELD="MEMO_SQL"
      NUM_ROW="10"
      REQUIRED="true"
    >
      <DEFAULT>"select * from sysobjects "</DEFAULT>
    </PARAMETER>

   </PARAMETERS>
   
   <ADVANCED_PARAMETERS>
   	<PARAMETER NAME="PROPERTIES" FIELD="TEXT" NUM_ROW="4" REPOSITORY_VALUE="PROPERTIES_STRING" SHOW_IF="USE_EXISTING_CONNECTION == 'false'">
		<DEFAULT>""</DEFAULT>
	</PARAMETER>
	
	<PARAMETER NAME="TRIM_ALL_COLUMN" FIELD="CHECK" NUM_ROW="30">
		<DEFAULT>false</DEFAULT>
	</PARAMETER>
	
	<PARAMETER NAME="TRIM_COLUMN" FIELD="TABLE" NUM_ROW="40"
		NB_LINES="5" SHOW_IF="TRIM_ALL_COLUMN == 'false'">
		<ITEMS BASED_ON_SCHEMA="true">
			<ITEM NAME="TRIM" FIELD="CHECK"></ITEM>
		</ITEMS>
	</PARAMETER>		
   </ADVANCED_PARAMETERS>

   <CODEGENERATION>
     <IMPORTS>
		<IMPORT NAME="Driver-Informix" MODULE="ifxjdbc.jar" REQUIRED="true" />
		<IMPORT NAME="Driver-Informix" MODULE="ifxjdbcx.jar" REQUIRED="true" />
		<IMPORT NAME="Driver-Informix" MODULE="ifxlang.jar" REQUIRED="true" />
		<IMPORT NAME="Driver-Informix" MODULE="ifxlsupp.jar" REQUIRED="true" />
		<IMPORT NAME="Driver-Informix" MODULE="ifxsqlj.jar" REQUIRED="true" />
		<IMPORT NAME="Driver-Informix" MODULE="ifxtools.jar" REQUIRED="true" />
     </IMPORTS>
   </CODEGENERATION>

   <RETURNS>
      <RETURN NAME="NB_LINE" TYPE="id_Integer" AVAILABILITY="AFTER"/>
      <RETURN NAME="QUERY" TYPE="id_String" AVAILABILITY="FLOW"/>
   </RETURNS>
</COMPONENT>