<?xml version="1.0" encoding="UTF-8"?>

<COMPONENT>
	<HEADER AUTHOR="Onepoint Ltd" COMPATIBILITY="ALL"
		DATA_AUTO_PROPAGATE="false" PLATEFORM="ALL" RELEASE_DATE="20160526A"
		SERIAL="" STARTABLE="true" STATUS="ALPHA" VERSION="0.2">
		<SIGNATURE />
	</HEADER>
	<FAMILIES>
		<FAMILY>Databases/KUDU</FAMILY>
	</FAMILIES>
	<DOCUMENTATION>
		<URL>http://www.onepointltd.com</URL>
	</DOCUMENTATION>
	<CONNECTORS>
		<CONNECTOR CTYPE="FLOW" MAX_INPUT="0" MAX_OUTPUT="1" MIN_OUTPUT="1" />
		<CONNECTOR CTYPE="SUBJOB_OK" MAX_INPUT="1" />
		<CONNECTOR CTYPE="SUBJOB_ERROR" MAX_INPUT="1" />
		<CONNECTOR CTYPE="COMPONENT_OK" />
		<CONNECTOR CTYPE="COMPONENT_ERROR" />
		<CONNECTOR CTYPE="RUN_IF" />
	</CONNECTORS>
	<PARAMETERS>
		<PARAMETER NAME="SCHEMA" FIELD="SCHEMA_TYPE" REQUIRED="true" NUM_ROW="1">
		</PARAMETER>
		<PARAMETER NAME="SERVER_PROPERTIES" FIELD="TABLE" REQUIRED="true"
			NUM_ROW="21" NB_LINES="3" GROUP="DATASOURCE">
			<ITEMS>
				<ITEM NAME="SERVER" FIELD="TEXT" VALUE="&quot;quickstart.cloudera&quot;" />
				<ITEM NAME="PORT" FIELD="TEXT" VALUE="7051" />
			</ITEMS>
		</PARAMETER>
		<PARAMETER NAME="TABLE" FIELD="TEXT" NUM_ROW="30" REQUIRED="true"
			GROUP="TABLE_GROUP">
			<DEFAULT>"customers"</DEFAULT>
		</PARAMETER>
		
		<PARAMETER NAME="USE_SCAN" FIELD="RADIO" REQUIRED="true"
			NUM_ROW="40" GROUP="QUERY_MODE">
			<DEFAULT>true</DEFAULT>
		</PARAMETER>
		<PARAMETER NAME="USE_QUERY" FIELD="RADIO" REQUIRED="true"
			NUM_ROW="40" GROUP="QUERY_MODE">
			<DEFAULT>false</DEFAULT>
		</PARAMETER>
		<PARAMETER
			NAME="QUERY_FIELDS"
			FIELD="TABLE"
			REQUIRED="false"
			NUM_ROW="50"
			NB_LINES="5"
			SHOW_IF="USE_QUERY == 'true'"
		>
			<ITEMS>
				<ITEM NAME="REFCOL" FIELD="COLUMN_LIST" />
				<ITEM NAME="OPERATOR" FIELD="CLOSED_LIST">
					<ITEMS DEFAULT="EQUAL">
						<ITEM NAME="EQUAL" VALUE="EQUAL"/>
						<ITEM NAME="GREATER" VALUE="GREATER"/>
						<ITEM NAME="GREATER_EQUAL" VALUE="GREATER_EQUAL"/>
						<ITEM NAME="LESS" VALUE="LESS"/>
						<ITEM NAME="LESS_EQUAL" VALUE="LESS_EQUAL"/>
					</ITEMS>
				</ITEM>
				<ITEM NAME="OPERAND" VALUE='"some value"' />
			</ITEMS>
		</PARAMETER>
	</PARAMETERS>
	<ADVANCED_PARAMETERS>
		<PARAMETER NAME="LIMIT" FIELD="TEXT" NUM_ROW="10" REQUIRED="false">
		</PARAMETER>
		<PARAMETER NAME="TIMEOUT" FIELD="TEXT" NUM_ROW="10" REQUIRED="false">
		</PARAMETER>
		<PARAMETER NAME="LIMIT_EXPLANATION" FIELD="LABEL" NUM_ROW="20">
			<DEFAULT>Use the limit parameter to limit the number of scanned rows.</DEFAULT>
		</PARAMETER>
		<PARAMETER NAME="TIMEOUT_EXPLANATION" FIELD="LABEL" NUM_ROW="30">
			<DEFAULT>The time out parameter sets how long each scan request to a server can last. This should be a long representing time in milliseconds</DEFAULT>
		</PARAMETER>
	</ADVANCED_PARAMETERS>
	<CODEGENERATION>
		<IMPORTS>
			<IMPORT MODULE="kudu-2.2-jar-with-dependencies.jar" NAME="kudu-2.2-jar-with-dependencies"
				REQUIRED="true" />
		</IMPORTS>
	</CODEGENERATION>
	<RETURNS>
		<RETURN AVAILABILITY="AFTER" NAME="NB_LINE" TYPE="id_Integer" />
	</RETURNS>
</COMPONENT>
