<?xml version="1.0" encoding="UTF-8"?>

<COMPONENT> 
  <HEADER AUTHOR="Talend" COMPATIBILITY="ALL" DATA_AUTO_PROPAGATE="false" PLATEFORM="ALL" RELEASE_DATE="20080229A" SERIAL="" STARTABLE="false" STATUS="ALPHA" VERSION="0.102"
    SCHEMA_AUTO_PROPAGATE="false" > 
    <SIGNATURE/> 
  </HEADER>  
  <FAMILIES> 
    <FAMILY>User</FAMILY> 
  </FAMILIES>  
  <DOCUMENTATION> 
    <URL/> 
  </DOCUMENTATION>  
  <CONNECTORS>
  	<CONNECTOR CTYPE="FLOW" MIN_INPUT="1" MAX_INPUT="1" MIN_OUTPUT="1" MAX_OUTPUT="1"/> 
  </CONNECTORS>  
  <PARAMETERS> 
    <PARAMETER
      NAME="SCHEMA"
      FIELD="SCHEMA_TYPE"
      REQUIRED="true"
      NUM_ROW="10" >
		<TABLE READONLY="false">
				<COLUMN NAME="columnLabel"	TYPE="id_String" READONLY="true" />				
		</TABLE> 
    </PARAMETER>      
  </PARAMETERS>  
  <ADVANCED_PARAMETERS>
  </ADVANCED_PARAMETERS>  
  <CODEGENERATION>
    	<TEMPLATES INPUT="TransposeOut" OUTPUT="TransposeIn">

			<TEMPLATE NAME="TransposeOut" COMPONENT="tTransposeOut">
				<LINK_TO NAME="TransposeIn" CTYPE="ROWS_END" />
			</TEMPLATE>

			<TEMPLATE NAME="TransposeIn" COMPONENT="tTransposeIn" />

			<TEMPLATE_PARAM SOURCE="self.SCHEMA" TARGET="TransposeIn.SCHEMA" />
			<TEMPLATE_PARAM SOURCE="self.SCHEMA" TARGET="TransposeOut.SCHEMA" />
			<TEMPLATE_PARAM SOURCE="self.UNIQUE_NAME" TARGET="TransposeOut.DESTINATION" />
			<TEMPLATE_PARAM SOURCE="self.UNIQUE_NAME" TARGET="TransposeIn.ORIGIN" />
		</TEMPLATES>  
  </CODEGENERATION>  
  <RETURNS>
      <RETURN AVAILABILITY="AFTER" NAME="NB_LINE_INPUT" TYPE="id_Integer"/> 
      <RETURN AVAILABILITY="AFTER" NAME="NB_LINE_OUTPUT" TYPE="id_Integer"/> 
  </RETURNS> 
</COMPONENT>
