<?xml version="1.0" encoding="UTF-8"?>
<COMPONENT> 
    <HEADER AUTHOR="PowerUp BI Consulting" 
          COMPATIBILITY="ALL" 
          DATA_AUTO_PROPAGATE="false"
          SCHEMA_AUTO_PROPAGATE="true"  
          PLATEFORM="ALL" 
          RELEASE_DATE="20120105A" 
          SERIAL="" 
          STARTABLE="true" 
          STATUS="BETA" 
          VERSION="0.1"> 
    <SIGNATURE/> 
  </HEADER>  
  <FAMILIES> 
    <FAMILY>PowerUp</FAMILY> 
    <FAMILY>System</FAMILY> 
  </FAMILIES>  
  <DOCUMENTATION> 
    <URL>http://www.powerupbi.com/talend/tSerial.html</URL> 
  </DOCUMENTATION>  
  <CONNECTORS> 
    <CONNECTOR CTYPE="FLOW"  MAX_OUTPUT="0" MAX_INPUT="0" /> 
    <CONNECTOR
      NAME="SERIAL"
      CTYPE="FLOW"
      MAX_INPUT="0" LINE_STYLE="1"
      BASE_SCHEMA="FLOW"
    />
  </CONNECTORS>  
  <PARAMETERS> 
    <PARAMETER NAME="SCHEMA_SERIAL" FIELD="SCHEMA_TYPE" REQUIRED="true" NUM_ROW="0" CONTEXT="SERIAL">
     <TABLE READONLY="true">
      <COLUMN NAME="SERIALDATA" TYPE="id_String" READONLY="true" CUSTOM="true"/>
     </TABLE>
    </PARAMETER>
   <PARAMETER NAME="SERIAL_PORT" FIELD="TEXT" NUM_ROW="1" />
   <PARAMETER NAME="BAUD_RATE"   FIELD="TEXT" NUM_ROW="2">
    <DEFAULT>115200</DEFAULT>
   </PARAMETER>   
   <PARAMETER NAME="LINE_DELIMITER" FIELD="TEXT" NUM_ROW="6"> 
    <DEFAULT>'\n'</DEFAULT>
   </PARAMETER>
   <PARAMETER NAME="LINE_TIMEOUT"   FIELD="TEXT" NUM_ROW="7">
     <DEFAULT>0</DEFAULT> 
   </PARAMETER>
   <PARAMETER NAME="READ_RECORDS"   FIELD="TEXT" NUM_ROW="10">
    <DEFAULT>-1</DEFAULT>
   </PARAMETER>
   <PARAMETER NAME="DATA_BITS" FIELD="CLOSED_LIST" NUM_ROW="3">
     <ITEMS DEFAULT="8">
	<ITEM NAME="5"   VALUE="5"/>
        <ITEM NAME="6"   VALUE="6"/>
        <ITEM NAME="7"   VALUE="7"/>
	<ITEM NAME="8"   VALUE="8"/>
       </ITEMS>
    </PARAMETER> 
    <PARAMETER NAME="PARITY" FIELD="CLOSED_LIST" NUM_ROW="4">
       <ITEMS DEFAULT="NONE">
	<ITEM NAME="EVEN"     VALUE="1"/>
        <ITEM NAME="MARK"     VALUE="2"/>
        <ITEM NAME="ODD"      VALUE="3"/>
	<ITEM NAME="SPACE"    VALUE="4"/>
	<ITEM NAME="NONE"     VALUE="5"/>
       </ITEMS>
    </PARAMETER>
    <PARAMETER NAME="STOP_BITS" FIELD="CLOSED_LIST" NUM_ROW="5">
       <ITEMS DEFAULT="1">
	<ITEM NAME="1"       VALUE="1"/>
        <ITEM NAME="1_5"     VALUE="15"/>
        <ITEM NAME="2"       VALUE="2"/>
       </ITEMS>
    </PARAMETER>
  </PARAMETERS>  
  <CODEGENERATION>
   <IMPORTS>
    <IMPORT NAME="powerup-comm" 
            MODULE="powerup-comm-0.1.jar" REQUIRED="true" />
   </IMPORTS>
  </CODEGENERATION>  
  <RETURNS> 
    <RETURN AVAILABILITY="AFTER" NAME="NB_LINE" TYPE="id_Integer"/> 
  </RETURNS> 
</COMPONENT>
