<?xml version="1.0" encoding="UTF-8"?>
<COMPONENT>
	<HEADER AUTHOR="cimt ag" COMPATIBILITY="ALL" PLATEFORM="ALL"
		RELEASE_DATE="20141002A" SERIAL="" STARTABLE="false" STATUS="RELEASE"
		VERSION="1.0">
		<SIGNATURE />
	</HEADER>
	<FAMILIES>
		<FAMILY>Anonymization</FAMILY>
	</FAMILIES>
	<DOCUMENTATION>
		<URL></URL>
	</DOCUMENTATION>
	<CONNECTORS>
		<CONNECTOR CTYPE="FLOW" MAX_INPUT="1" MAX_OUTPUT="1" />
		<CONNECTOR CTYPE="SUBJOB_OK" MAX_INPUT="0" />
		<CONNECTOR CTYPE="SUBJOB_ERROR" MAX_INPUT="0" />
		<CONNECTOR CTYPE="COMPONENT_OK" />
		<CONNECTOR CTYPE="COMPONENT_ERROR" />
		<CONNECTOR CTYPE="RUN_IF" />
	</CONNECTORS>
	<PARAMETERS>
		<PARAMETER NAME="SCHEMA" FIELD="SCHEMA_TYPE" REQUIRED="true"
			NUM_ROW="1" />
		 
		<PARAMETER NAME="ANOCOLUMNS" FIELD="TABLE" NUM_ROW="40"
			NB_LINES="20">
			<ITEMS BASED_ON_SCHEMA="true">
				<ITEM NAME="SELECT" FIELD="CHECK" VALUE="false" />
			</ITEMS>
		</PARAMETER>
		
		
	</PARAMETERS>
	
	<ADVANCED_PARAMETERS>
		
			
			<PARAMETER
      NAME="MODEINT"
      FIELD="RADIO"
      NUM_ROW="1"
      GROUP="MODE"
    >
      <DEFAULT>true</DEFAULT>
    </PARAMETER>

    <PARAMETER
      NAME="MODEOWN"
      FIELD="RADIO"
      NUM_ROW="2"
      GROUP="MODE"
    >
      <DEFAULT>false</DEFAULT>
    </PARAMETER>
		<PARAMETER NAME="DICT" FIELD="TABLE" NUM_ROW="6" NB_LINES="4" SHOW_IF="MODEINT == 'true'" GROUP="STANDARD">
			<ITEMS>
				<ITEM NAME="OLD" FIELD="TEXT"
					VALUE='"abcdefghijklmnopqrstuvwxyzABCDEFGHIJKLMNOPQRSTUVWXYZ"' />

				<ITEM NAME="NEW" FIELD="TEXT"
					VALUE='"ifjuqhkdrwalmzpcyexbnvsogtOZSBRVHJUCPENLQGTWDAKFYMXI"' />
			</ITEMS>
		</PARAMETER>
		
	<PARAMETER NAME="FUNCTION" FIELD="TEXT" NUM_ROW="4" SHOW_IF="MODEOWN =='true'" GROUP="CUSTOM"><DEFAULT>routines.MyEncoding.encode</DEFAULT>
			</PARAMETER>	
	<PARAMETER NAME="USEPARAMETERS" FIELD="CHECK" NUM_ROW="5" SHOW_IF="MODEOWN =='true'" GROUP="CUSTOM"> <DEFAULT>true</DEFAULT></PARAMETER>
	<PARAMETER NAME="FUNCTION2" FIELD="MEMO_JAVA" NUM_ROW="6" SHOW_IF="MODEOWN =='true'" GROUP="CUSTOM"><DEFAULT>param2, param3</DEFAULT>
			</PARAMETER>	
    
	</ADVANCED_PARAMETERS>
	
	<CODEGENERATION>
		<IMPORTS>
				<IMPORT NAME="CaesarEncoding" MODULE="anonymizer.jar" REQUIRED="true" />
		</IMPORTS>
	</CODEGENERATION>
	<RETURNS>
		<RETURN NAME="NB_LINE" TYPE="id_Integer" AVAILABILITY="AFTER" />
		<RETURN NAME="CURRENT_LINE" TYPE="id_Integer" AVAILABILITY="BEFORE" />
		<RETURN NAME="CURRENT_COLUMN" TYPE="id_String" AVAILABILITY="BEFORE" />
	</RETURNS>
</COMPONENT>
