<?xml version="1.0" encoding="UTF-8"?>

<COMPONENT> 
  <HEADER AUTHOR="Talend" 
          COMPATIBILITY="ALL" 
          DATA_AUTO_PROPAGATE="false" 
          PLATEFORM="ALL" 
          RELEASE_DATE="20080229A" 
          SERIAL="" 
          STARTABLE="true" 
          STATUS="ALPHA" 
          VERSION="0.102"> 
    <SIGNATURE/> 
  </HEADER>  
  <FAMILIES> 
    <FAMILY>User</FAMILY>
    <FAMILY>System/User</FAMILY>  
  </FAMILIES>  
  <DOCUMENTATION> 
    <URL/> 
  </DOCUMENTATION>  
  <CONNECTORS> 
    <CONNECTOR CTYPE="FLOW" MAX_INPUT="1"  />
   	<CONNECTOR CTYPE="ITERATE" MAX_INPUT="1" />
	<CONNECTOR CTYPE="SUBJOB_OK" />
	<CONNECTOR CTYPE="SUBJOB_ERROR" />
	<CONNECTOR CTYPE="COMPONENT_OK" />
	<CONNECTOR CTYPE="COMPONENT_ERROR" />
	<CONNECTOR CTYPE="RUN_IF" />     
  </CONNECTORS>  
  <PARAMETERS>
	<PARAMETER
      NAME="SCHEMA"
      FIELD="SCHEMA_TYPE"
      REQUIRED="true"
      NUM_ROW="1"
    >
      <TABLE READONLY="true">
        <COLUMN NAME="key" TYPE="id_String" READONLY="true" CUSTOM="true" LENGTH="255"/>
        <COLUMN NAME="value" TYPE="id_String" READONLY="false" CUSTOM="true" LENGTH="255"/>
      </TABLE>
    </PARAMETER>   
	<PARAMETER NAME="ALL_VAR" FIELD="RADIO" NUM_ROW="11"  GROUP="MODE">
			<DEFAULT>true</DEFAULT>
	</PARAMETER>
	<PARAMETER NAME="SOME_VAR" FIELD="RADIO" NUM_ROW="12"  GROUP="MODE">
			<DEFAULT>false</DEFAULT>
	</PARAMETER>
	<PARAMETER
      NAME="VARIABLES"
      FIELD="TABLE"
      REQUIRED="true"
      NUM_ROW="20"
      NB_LINES="5"
      SHOW_IF="SOME_VAR == 'true'"
    >
      <ITEMS>
        <ITEM NAME="KEY" VALUE='"myKey"' />        
      </ITEMS>
    </PARAMETER>
	
  </PARAMETERS>  
  <ADVANCED_PARAMETERS>     
  </ADVANCED_PARAMETERS>  
  <CODEGENERATION></CODEGENERATION>  
  <RETURNS> 
    <RETURN AVAILABILITY="FLOW" NAME="NB_VAR" TYPE="id_Integer"/>
    <RETURN AVAILABILITY="FLOW" NAME="KEY" TYPE="id_String"/> 
    <RETURN AVAILABILITY="FLOW" NAME="VALUE" TYPE="id_String"/>  
  </RETURNS> 
</COMPONENT>
