<?xml version="1.0" encoding="UTF-8"?>

<COMPONENT> 
  <HEADER AUTHOR="Talend" COMPATIBILITY="ALL" DATA_AUTO_PROPAGATE="false" HAS_CONDITIONAL_OUTPUTS="true" IS_MULTIPLYING_OUTPUTS="true" PLATEFORM="ALL" RELEASE_DATE="20080229A" SCHEMA_AUTO_PROPAGATE="false" SERIAL="" STARTABLE="true" STATUS="ALPHA" VERSION="0.102" VISIBLE="true"> 
    <SIGNATURE></SIGNATURE> 
  </HEADER>
    
  <FAMILIES> 
    <FAMILY>Sample</FAMILY> 
  </FAMILIES> 
   
  <DOCUMENTATION> 
    <URL/> 
  </DOCUMENTATION>  
  
  <CONNECTORS> 
    <CONNECTOR CTYPE="SUBJOB_OK" MAX_INPUT="1" NAME="onSubjobOk"/>  
    <CONNECTOR CTYPE="SUBJOB_ERROR" MAX_INPUT="1" NAME="onSubjobError"/> 
  </CONNECTORS>  
  
  <PARAMETERS> 
     <PARAMETER NAME="VALUES" FIELD="TABLE" REQUIRED="true" NUM_ROW="10" NB_LINES="5" >
      <ITEMS>
      	<ITEM NAME="PARAMETER"/>
        <ITEM NAME="VALUE"/>
      </ITEMS>
    </PARAMETER> 
  </PARAMETERS>  
  
  <ADVANCED_PARAMETERS> 
    <PARAMETER FIELD="TEXT" NAME="PROPERTYADVANCED" NUM_ROW="1"/> 
  </ADVANCED_PARAMETERS> 
   
  <CODEGENERATION></CODEGENERATION>  
  
  <RETURNS> 
    <RETURN AVAILABILITY="AFTER" NAME="NB_LINE" TYPE="id_Integer"/> 
  </RETURNS> 
</COMPONENT>
