<COMPONENT>

	<HEADER PLATEFORM="ALL" SERIAL="" VERSION="0.1" STATUS="BETA"
		COMPATIBILITY="ALL" AUTHOR="Onepoint Ltd UK" RELEASE_DATE="20190201A"
		STARTABLE="true">
		<SIGNATURE />
	</HEADER>

	<FAMILIES>
		<FAMILY>Connectivity/Messaging</FAMILY>
		<FAMILY>Connectivity/Internet of Things</FAMILY>
	</FAMILIES>

	<DOCUMENTATION>
		<URL />
	</DOCUMENTATION>

	<CONNECTORS>
		<CONNECTOR CTYPE="ROUTE" MIN_INPUT="0" MAX_INPUT="1"
			MAX_OUTPUT="1" MIN_OUTPUT="0" />
		<CONNECTOR CTYPE="ROUTE_WHEN" MAX_INPUT="1" MAX_OUTPUT="0" />
		<CONNECTOR CTYPE="ROUTE_OTHER" MAX_INPUT="1" MAX_OUTPUT="0" />
		<CONNECTOR CTYPE="ROUTE_TRY" MAX_INPUT="1" MAX_OUTPUT="0" />
		<CONNECTOR CTYPE="ROUTE_CATCH" MAX_INPUT="1" MAX_OUTPUT="0" />
		<CONNECTOR CTYPE="ROUTE_FINALLY" MAX_INPUT="1" MAX_OUTPUT="0" />
		<CONNECTOR CTYPE="ROUTE_ENDBLOCK" MAX_INPUT="1" MAX_OUTPUT="0" />
	</CONNECTORS>

	<PARAMETERS>


		<PARAMETER NAME="CONNECTION_FACTORY_CONFIGURATION" FIELD="TEXT"
			NUM_ROW="1" REQUIRED="true" GROUP="URI_GROUP">
			<DEFAULT>"Endpoint=sb://"</DEFAULT>
		</PARAMETER>

		<PARAMETER NAME="DESTINATION" READONLY="false" FIELD="TEXT"
			REQUIRED="true" NUM_ROW="4" GROUP="URI_GROUP">
			<DEFAULT>"queue name"</DEFAULT>
		</PARAMETER>

		<PARAMETER NAME="RECEIVE_MODE" FIELD="CLOSED_LIST" REQUIRED="true" NUM_ROW="5" GROUP="RECEIVE_MODE_GROUP">
			<ITEMS DEFAULT="RECEIVEANDDELETE">
				<ITEM NAME="RECEIVEANDDELETE" VALUE='"RECEIVEANDDELETE"' />
				<ITEM NAME="PEEKLOCK" VALUE='"PEEKLOCK"' />
			</ITEMS>
		</PARAMETER>

		<PARAMETER NAME="RETRIES" READONLY="false" FIELD="TEXT"
			REQUIRED="true" NUM_ROW="20" GROUP="RECEIVE_MODE_GROUP" SHOW_IF="(RECEIVE_MODE == 'PEEKLOCK')">
			<DEFAULT>5</DEFAULT>
		</PARAMETER>

		<PARAMETER NAME="PREFETCH_COUNT" READONLY="false" FIELD="TEXT"
			REQUIRED="true" NUM_ROW="20" GROUP="RECEIVE_MODE_GROUP" SHOW_IF="(RECEIVE_MODE == 'PEEKLOCK')">
			<DEFAULT>0</DEFAULT>
		</PARAMETER>

	</PARAMETERS>

	<ADVANCED_PARAMETERS>
	</ADVANCED_PARAMETERS>

	<CODEGENERATION>
		<IMPORTS>
			<IMPORT MODULE="activation-1.1.jar" NAME="activation-1.1.jar" REQUIRED="true" />
			<IMPORT MODULE="adal4j-1.6.6.jar" NAME="adal4j-1.6.6.jar" REQUIRED="true" />
			<IMPORT MODULE="commons-collections4-4.1.jar" NAME="commons-collections4-4.1.jar" REQUIRED="true" />
			<IMPORT MODULE="commons-lang3-3.5.jar" NAME="commons-lang3-3.5.jar" REQUIRED="true" />
			<IMPORT MODULE="gson-2.8.0.jar" NAME="gson-2.8.0.jar" REQUIRED="true" />
			<IMPORT MODULE="jcip-annotations-1.0-1.jar" NAME="jcip-annotations-1.0-1.jar" REQUIRED="true" />
			<IMPORT MODULE="lang-tag-1.4.4.jar" NAME="lang-tag-1.4.4.jar" REQUIRED="true" />
			<IMPORT MODULE="mail-1.4.7.jar" NAME="mail-1.4.7.jar" REQUIRED="true" />
			<IMPORT MODULE="nimbus-jose-jwt-6.8.jar" NAME="nimbus-jose-jwt-6.8.jar" REQUIRED="true" />
			<IMPORT MODULE="oauth2-oidc-sdk-5.24.1.jar" NAME="oauth2-oidc-sdk-5.24.1.jar" REQUIRED="true" />
			<IMPORT MODULE="onepoint-azure-1.0.62-ONEPOINT-AZURE-SNAPSHOT.jar" NAME="onepoint-azure-1.0.62-ONEPOINT-AZURE-SNAPSHOT.jar" REQUIRED="true" />
			<IMPORT MODULE="model-exception-1.0.17-SNAPSHOT-MODEL-EXCEPTION.jar" NAME="model-exception-1.0.17-SNAPSHOT-MODEL-EXCEPTION.jar" REQUIRED="true" />
			<IMPORT MODULE="proton-j-0.33.8.jar" NAME="proton-j-0.33.8.jar" REQUIRED="true" />
		</IMPORTS>
	</CODEGENERATION>

	<RETURNS />
</COMPONENT>
