<?xml version="1.0" encoding="UTF-8"?>

<COMPONENT>
	<HEADER AUTHOR="Onepoint Ltd" COMPATIBILITY="ALL"
		DATA_AUTO_PROPAGATE="false" HAS_CONDITIONAL_OUTPUTS="true"
		IS_MULTIPLYING_OUTPUTS="false" PLATEFORM="ALL" RELEASE_DATE="20180621A"
		SCHEMA_AUTO_PROPAGATE="true" SERIAL="" STARTABLE="false" STATUS="ALPHA"
		VERSION="0.2" LOG4J_ENABLED="true">
		<SIGNATURE />
	</HEADER>
	<FAMILIES>
		<FAMILY>Internet/Messaging</FAMILY>
	</FAMILIES>
	<DOCUMENTATION>
		<URL>http://www.onepointltd.com</URL>
	</DOCUMENTATION>
	<CONNECTORS>
		<CONNECTOR CTYPE="FLOW" MAX_INPUT="1" MAX_OUTPUT="1" />
		<CONNECTOR CTYPE="COMPONENT_OK" />
		<CONNECTOR CTYPE="COMPONENT_ERROR" />
	</CONNECTORS>
	<PARAMETERS>
		<PARAMETER NAME="SCHEMA" FIELD="SCHEMA_TYPE" REQUIRED="true"
			NUM_ROW="1">
		</PARAMETER>
		<PARAMETER NAME="USE_EXISTING_CONNECTION" FIELD="CHECK"
			NUM_ROW="2">
			<DEFAULT>false</DEFAULT>
		</PARAMETER>
		<PARAMETER NAME="CONNECTION" FIELD="COMPONENT_LIST"
			REQUIRED="true" FILTER="tGoogleAPIConnection" NUM_ROW="2"
			SHOW_IF="USE_EXISTING_CONNECTION == 'true'" DYNAMIC_SETTINGS="true" />

		<PARAMETER NAME="CLIENT_ID" FIELD="TEXT" NUM_ROW="3"
			REQUIRED="true" GROUP="AUTHENTICATION" SHOW_IF="USE_EXISTING_CONNECTION == 'false'">
			<DEFAULT>""</DEFAULT>
		</PARAMETER>
		<PARAMETER NAME="CLIENT_SECRET" FIELD="PASSWORD" NUM_ROW="4"
			REQUIRED="true" GROUP="AUTHENTICATION" SHOW_IF="USE_EXISTING_CONNECTION == 'false'">
			<DEFAULT>""</DEFAULT>
		</PARAMETER>
		<PARAMETER NAME="AUTHORIZATION_CODE" FIELD="TEXT" NUM_ROW="5"
			REQUIRED="false" GROUP="AUTHENTICATION" SHOW_IF="USE_EXISTING_CONNECTION == 'false'">
			<DEFAULT>""</DEFAULT>
		</PARAMETER>
		<PARAMETER NAME="AUTHORIZATION_CODE_LABEL" FIELD="LABEL"
			NUM_ROW="6" GROUP="AUTHENTICATION" SHOW_IF="USE_EXISTING_CONNECTION == 'false'"></PARAMETER>
			
		<PARAMETER NAME="USE_PROXY" FIELD="CHECK" NUM_ROW="7"
			REQUIRED="true" GROUP="CONNECTION_GROUP" SHOW_IF="USE_EXISTING_CONNECTION == 'false'">
			<DEFAULT>false</DEFAULT>
		</PARAMETER>

		<PARAMETER NAME="PROXY_HOST" FIELD="TEXT" NUM_ROW="8"
			SHOW_IF="(USE_PROXY == 'true' and USE_EXISTING_CONNECTION == 'false')"
			GROUP="CONNECTION_GROUP">
			<DEFAULT>"127.0.0.1"</DEFAULT>
		</PARAMETER>

		<PARAMETER NAME="PROXY_PORT" FIELD="TEXT" NUM_ROW="9"
			SHOW_IF="(USE_PROXY == 'true' and USE_EXISTING_CONNECTION == 'false')"
			GROUP="CONNECTION_GROUP">
			<DEFAULT>8087</DEFAULT>
		</PARAMETER>
			
		<PARAMETER NAME="PROJECT_ID" FIELD="TEXT" NUM_ROW="10" REQUIRED="true">
			<DEFAULT>""</DEFAULT>
		</PARAMETER>
		<PARAMETER NAME="TOPIC" FIELD="TEXT" NUM_ROW="11" REQUIRED="true"
			GROUP="TOPIC_GROUP">
		</PARAMETER>
		<PARAMETER NAME="CREATE_TOPIC" FIELD="CLOSED_LIST" NUM_ROW="12"
			REQUIRED="true" GROUP="TOPIC_GROUP">
			<ITEMS DEFAULT="NONE">
				<ITEM NAME="NONE" VALUE="NONE" />
				<ITEM NAME="CREATE_IF_DOES_NOT_EXIST" VALUE="CREATE_IF_DOES_NOT_EXIST" />
				<ITEM NAME="DELETE_AND_CREATE" VALUE="DELETE_AND_CREATE" />
			</ITEMS>
		</PARAMETER>
	</PARAMETERS>
	<ADVANCED_PARAMETERS>
		<PARAMETER NAME="TOKEN_FILE" FIELD="FILE" NUM_ROW="1"
			REQUIRED="true" GROUP="REFRESH_TOKEN" SHOW_IF="USE_EXISTING_CONNECTION == 'false'">
			<DEFAULT>"__COMP_DEFAULT_FILE_DIR__/token.properties"</DEFAULT>
		</PARAMETER>
		<PARAMETER NAME="TOKEN_FILE_LABEL" FIELD="LABEL" NUM_ROW="2"
			GROUP="REFRESH_TOKEN" SHOW_IF="USE_EXISTING_CONNECTION == 'false'">
		</PARAMETER>
		<PARAMETER NAME="FAIL_ON_OPERATION_ERROR" FIELD="CHECK"
			NUM_ROW="3" REQUIRED="true">
			<DEFAULT>true</DEFAULT>
		</PARAMETER>
	</ADVANCED_PARAMETERS>
	<CODEGENERATION>
		<IMPORTS>
			<IMPORT MODULE="google-api-services-pubsub-v1-rev11-1.22.0.jar" NAME="google-api-services-pubsub-v1-rev11-1.22.0" REQUIRED="true" />
			<IMPORT MODULE="google-api-client-1.22.0.jar" NAME="google-api-client-1.22.0" REQUIRED="true" />
			<IMPORT MODULE="google-oauth-client-1.22.0.jar" NAME="google-oauth-client-1.22.0" REQUIRED="true" />
			<IMPORT MODULE="google-http-client-1.22.0.jar" NAME="google-http-client-1.22.0" REQUIRED="true" />
			<IMPORT MODULE="jsr305-1.3.9.jar" NAME="jsr305-1.3.9" REQUIRED="true" />
			<IMPORT MODULE="httpclient-4.0.1.jar" NAME="httpclient-4.0.1" REQUIRED="true" />
			<IMPORT MODULE="httpcore-4.0.1.jar" NAME="httpcore-4.0.1" REQUIRED="true" />
			<IMPORT MODULE="commons-logging-1.1.1.jar" NAME="commons-logging-1.1.1" REQUIRED="true" />
			<IMPORT MODULE="commons-codec-1.3.jar" NAME="commons-codec-1.3" REQUIRED="true" />
			<IMPORT MODULE="google-http-client-jackson2-1.22.0.jar" NAME="google-http-client-jackson2-1.22.0" REQUIRED="true" />
			<IMPORT MODULE="jackson-core-2.1.3.jar" NAME="jackson-core-2.1.3" REQUIRED="true" />
			<IMPORT MODULE="guava-jdk5-17.0.jar" NAME="guava-jdk5-17.0" REQUIRED="true" />
			<IMPORT MODULE="google.wrapper.common-1.1-SNAPSHOT.jar" NAME="google.wrapper.common-1.1-SNAPSHOT" REQUIRED="true" />
			<IMPORT MODULE="google.authentication-1.1-SNAPSHOT.jar" NAME="google.authentication-1.1-SNAPSHOT" REQUIRED="true" />
			<IMPORT MODULE="google-oauth-client-java6-1.22.0.jar" NAME="google-oauth-client-java6-1.22.0" REQUIRED="true" />
			<IMPORT MODULE="jackson-databind-2.1.3.jar" NAME="jackson-databind-2.1.3" REQUIRED="true" />
			<IMPORT MODULE="jackson-annotations-2.1.2.jar" NAME="jackson-annotations-2.1.2" REQUIRED="true" />
			<IMPORT MODULE="google-oauth-client-jetty-1.22.0.jar" NAME="google-oauth-client-jetty-1.22.0" REQUIRED="true" />
			<IMPORT MODULE="jetty-6.1.26.jar" NAME="jetty-6.1.26" REQUIRED="true" />
			<IMPORT MODULE="jetty-util-6.1.26.jar" NAME="jetty-util-6.1.26" REQUIRED="true" />
			<IMPORT MODULE="servlet-api-2.5-20081211.jar" NAME="servlet-api-2.5-20081211" REQUIRED="true" />
			<IMPORT MODULE="google-api-services-oauth2-v1-rev115-1.22.0.jar" NAME="google-api-services-oauth2-v1-rev115-1.22.0" REQUIRED="true" />
			<IMPORT MODULE="googlepubsub.wrapper-1.10-SNAPSHOT.jar" NAME="googlepubsub.wrapper-1.10-SNAPSHOT" REQUIRED="true" />
		</IMPORTS>
	</CODEGENERATION>
	<RETURNS>
		<RETURN AVAILABILITY="AFTER" NAME="NB_LINE" TYPE="id_Integer" />
		<RETURN AVAILABILITY="AFTER" NAME="NB_ERROR" TYPE="id_Integer" />
	</RETURNS>
</COMPONENT>
