<?xml version="1.0" encoding="UTF-8"?>

<COMPONENT> 
  <HEADER AUTHOR="Talend" COMPATIBILITY="ALL" DATA_AUTO_PROPAGATE="false" PLATEFORM="ALL" RELEASE_DATE="20080229A" SCHEMA_AUTO_PROPAGATE="false" SERIAL="" STARTABLE="false" STATUS="ALPHA" VERSION="0.102"> 
    <SIGNATURE/> 
  </HEADER>  
  <FAMILIES> 
    <FAMILY>Postcode Anywhere</FAMILY> 
  </FAMILIES>  
  <DOCUMENTATION> 
    <URL/> 
  </DOCUMENTATION>  
  <CONNECTORS> 
    <CONNECTOR CTYPE="FLOW" MAX_INPUT="1"/> 
    <CONNECTOR CTYPE="FLOW" MAX_OUTPUT="1"/> 
  </CONNECTORS>  
  <PARAMETERS> 
    <PARAMETER FIELD="SCHEMA_TYPE" NAME="SCHEMA" NB_LINES="1" NUM_ROW="1" REQUIRED="true" READONLY="false">
    	<TABLE>
    		<COLUMN NAME="Udprn" TYPE="id_String" LENGTH="255" READONLY="true"/>
    		<COLUMN NAME="Company" TYPE="id_String" LENGTH="255" READONLY="true"/>
    		<COLUMN NAME="Department" TYPE="id_String" LENGTH="255" READONLY="true"/>
    		<COLUMN NAME="Line1" TYPE="id_String" LENGTH="255" READONLY="true"/>
    		<COLUMN NAME="Line2" TYPE="id_String" LENGTH="255" READONLY="true"/>
    		<COLUMN NAME="Line3" TYPE="id_String" LENGTH="255" READONLY="true"/>
    		<COLUMN NAME="Line4" TYPE="id_String" LENGTH="255" READONLY="true"/>
    		<COLUMN NAME="Line5" TYPE="id_String" LENGTH="255" READONLY="true"/>
    		<COLUMN NAME="PostTown" TYPE="id_String" LENGTH="255" READONLY="true"/>
    		<COLUMN NAME="County" TYPE="id_String" LENGTH="255" READONLY="true"/>
    		<COLUMN NAME="Postcode" TYPE="id_String" LENGTH="255" READONLY="true"/>
    		<COLUMN NAME="Mailsort" TYPE="id_String" LENGTH="255" READONLY="true"/>
    		<COLUMN NAME="Barcode" TYPE="id_String" LENGTH="255" READONLY="true"/>
    		<COLUMN NAME="Type" TYPE="id_String" LENGTH="255" READONLY="true"/>
    		<COLUMN NAME="DeliveryPointSuffix" TYPE="id_String" LENGTH="255" READONLY="true"/>
    		<COLUMN NAME="SubBuilding" TYPE="id_String" LENGTH="255" READONLY="true"/>
    		<COLUMN NAME="BuildingName" TYPE="id_String" LENGTH="255" READONLY="true"/>
    		<COLUMN NAME="BuildingNumber" TYPE="id_String" LENGTH="255" READONLY="true"/>
    		<COLUMN NAME="PrimaryStreet" TYPE="id_String" LENGTH="255" READONLY="true"/>
    		<COLUMN NAME="SecondaryStreet" TYPE="id_String" LENGTH="255" READONLY="true"/>
    		<COLUMN NAME="DoubleDependentLocality" TYPE="id_String" LENGTH="255" READONLY="true"/>
    		<COLUMN NAME="DependentLocality" TYPE="id_String" LENGTH="255" READONLY="true"/>
    		<COLUMN NAME="PoBox" TYPE="id_String" LENGTH="255" READONLY="true"/>
    	</TABLE>
    </PARAMETER>
    <PARAMETER FIELD="PREV_COLUMN_LIST" NAME="ID" NB_LINES="1" NUM_ROW="2" REQUIRED="true"/>
    <PARAMETER FIELD="TEXT" NAME="KEY" NB_LINES="1" NUM_ROW="3" REQUIRED="true"/>
    <PARAMETER FIELD="TEXT" NAME="USER" NB_LINES="1" NUM_ROW="3" REQUIRED="true"/>
  </PARAMETERS>  
  <CODEGENERATION></CODEGENERATION>  
  <RETURNS> 
    <RETURN AVAILABILITY="AFTER" NAME="NB_LINE" TYPE="id_Integer"/> 
  </RETURNS> 
</COMPONENT>
