<COMPONENT>

  <HEADER
    PLATEFORM="ALL"
    SERIAL=""
    VERSION="0.1"
    STATUS="BETA"
    
    COMPATIBILITY="ALL"
    AUTHOR="Simone Bianchi"
    RELEASE_DATE="20151207"
    STARTABLE="true"
  >
    <SIGNATURE/>
  </HEADER>

  <FAMILIES>
    <FAMILY>Cloud/Sport</FAMILY>
  </FAMILIES>

  <DOCUMENTATION>
    <URL/>
  </DOCUMENTATION>

  <CONNECTORS>
    <CONNECTOR CTYPE="FLOW" MAX_INPUT="0" MAX_OUTPUT="1"/>
    <CONNECTOR CTYPE="ITERATE" MAX_OUTPUT="1" MAX_INPUT="1"/>
    <CONNECTOR CTYPE="SUBJOB_OK" MAX_INPUT="1" />
    <CONNECTOR CTYPE="SUBJOB_ERROR" MAX_INPUT="1" />
    <CONNECTOR CTYPE="COMPONENT_OK"/>
    <CONNECTOR CTYPE="COMPONENT_ERROR"/>
    <CONNECTOR CTYPE="RUN_IF"/>
  </CONNECTORS>

  <PARAMETERS>

    <PARAMETER
      NAME="MASHAPEKEY"
      FIELD="TEXT"
      NUM_ROW="10"
      REQUIRED="true"
    >
      <DEFAULT>""</DEFAULT>
    </PARAMETER>
    
    
  
    <PARAMETER NAME="LEAGUENAME" FIELD="CLOSED_LIST" NUM_ROW="20" REQUIRED="true">
       <ITEMS DEFAULT="SerieA">
    <ITEM NAME="SerieA"   VALUE="seriea" />
	  <ITEM NAME="PremierLeague"   VALUE="premierleague" />
	  <ITEM NAME="LaLiga"   VALUE="laliga" />
	  <ITEM NAME="Bundesliga"   VALUE="bundesliga" />
	  <ITEM NAME="Ligue1"   VALUE="ligue1" />
       </ITEMS>
    </PARAMETER>
    
    
	
	  <PARAMETER NAME="LEAGUEDATA" FIELD="CLOSED_LIST" NUM_ROW="30" REQUIRED="true">
       <ITEMS DEFAULT="_Table">
    <ITEM NAME="Table"   VALUE="_Table" />
	  <ITEM NAME="MatchDayResults"   VALUE="_" SHOW_IF="LEAGUENAME!='SerieA'"/>
	  <ITEM NAME="MatchDayResults1"   VALUE="seriea" SHOW_IF="LEAGUENAME=='SerieA'"/>
       </ITEMS>
    </PARAMETER>
    
    <PARAMETER NAME="LIVE" FIELD="CHECK" NUM_ROW="30" SHOW_IF="(LEAGUENAME!='SerieA' AND LEAGUEDATA!='Table')">
    	<DEFAULT>false</DEFAULT>
   	</PARAMETER>
	
    <PARAMETER
      NAME="SCHEMA"
      FIELD="SCHEMA_TYPE"
      NUM_ROW="30"
      REQUIRED="true"
    >
      <TABLE IF="LEAGUEDATA=='Table'">
         <COLUMN KEY="true" LENGTH="20" NAME="team" NULLABLE="true" TYPE="id_String"/>
         <COLUMN KEY="false" LENGTH="2" NAME="played" NULLABLE="true" TYPE="id_Integer"/>
         <COLUMN KEY="false" LENGTH="2" NAME="win" NULLABLE="true" TYPE="id_Integer"/>
         <COLUMN KEY="false" LENGTH="2" NAME="draw" NULLABLE="true" TYPE="id_Integer"/>
         <COLUMN KEY="false" LENGTH="2" NAME="loss" NULLABLE="true" TYPE="id_Integer"/>
         <COLUMN KEY="false" LENGTH="3" NAME="goalsFor" NULLABLE="true" TYPE="id_Integer"/>
         <COLUMN KEY="false" LENGTH="3" NAME="goalsAgainst" NULLABLE="true" TYPE="id_Integer"/>
         <COLUMN KEY="false" LENGTH="3" NAME="points" NULLABLE="true" TYPE="id_Integer" />
      </TABLE>
	  <TABLE IF="(LEAGUEDATA=='MatchDayResults' AND LEAGUENAME!='SerieA')">
         <COLUMN KEY="true" LENGTH="20" NAME="teamName1" NULLABLE="true" TYPE="id_String"/>
         <COLUMN KEY="true" LENGTH="20" NAME="teamName2" NULLABLE="true" TYPE="id_String"/>
         <COLUMN KEY="false" LENGTH="2" NAME="team1Score" NULLABLE="true" TYPE="id_Integer"/>
         <COLUMN KEY="false" LENGTH="2" NAME="team2Score" NULLABLE="true" TYPE="id_Integer"/>
         <COLUMN KEY="false" LENGTH="2" NAME="team1FirstHalfScore" NULLABLE="true" TYPE="id_Integer"/>
         <COLUMN KEY="false" LENGTH="2" NAME="team2FirstHalfScore" NULLABLE="true" TYPE="id_Integer"/>
         <COLUMN KEY="false" LENGTH="2" NAME="team1RedCards" NULLABLE="true" TYPE="id_Integer"/>
         <COLUMN KEY="false" LENGTH="2" NAME="team2RedCards" NULLABLE="true" TYPE="id_Integer"/>
         <COLUMN KEY="false" LENGTH="20" NAME="time" NULLABLE="true" TYPE="id_String"/>
         <COLUMN KEY="false" LENGTH="50" NAME="when" NULLABLE="true" TYPE="id_String"/>
      </TABLE>
      <TABLE IF="(LEAGUEDATA=='MatchDayResults1' AND LEAGUENAME=='SerieA')">
         <COLUMN KEY="true" LENGTH="20" NAME="teamName1" NULLABLE="true" TYPE="id_String"/>
         <COLUMN KEY="true" LENGTH="20" NAME="teamName2" NULLABLE="true" TYPE="id_String"/>
         <COLUMN KEY="false" LENGTH="2" NAME="team1Score" NULLABLE="true" TYPE="id_Integer"/>
         <COLUMN KEY="false" LENGTH="2" NAME="team2Score" NULLABLE="true" TYPE="id_Integer"/>
				 <COLUMN KEY="false" LENGTH="30" NAME="referee" NULLABLE="true" TYPE="id_String"/>
				 <COLUMN KEY="false" LENGTH="20" NAME="time" NULLABLE="true" TYPE="id_String"/>
         <COLUMN KEY="false" LENGTH="50" NAME="when" NULLABLE="true" TYPE="id_String"/>
      </TABLE>    
   </PARAMETER>
    
 
    <PARAMETER
      NAME="LEAGUEDATA_FILTERS"
      FIELD="TABLE"
      REQUIRED="false"
      NUM_ROW="40"
      NB_LINES="4"
    >
      <ITEMS>
      <ITEM NAME="PARAMNAME" FIELD="CLOSED_LIST">
					<ITEMS DEFAULT='empty'>
						<ITEM NAME="MATCHDAY" VALUE="matchday"
							SHOW_IF="(LEAGUEDATA=='MatchDayResults' AND LEAGUENAME!='SerieA')"
							/>	
						<ITEM NAME="GAMENUMBER" VALUE="gameNumber"
							SHOW_IF="(LEAGUEDATA=='MatchDayResults1' AND LEAGUENAME=='SerieA')"
							/>					
						<ITEM NAME="empty" VALUE="empty"/>
          </ITEMS>
      </ITEM>
		<ITEM NAME="VALUE" FIELD="TEXT" VALUE=""/>
    </ITEMS>
    </PARAMETER>

   </PARAMETERS>
   
   <ADVANCED_PARAMETERS>
   		
   		
  </ADVANCED_PARAMETERS>

  <CODEGENERATION>
    <IMPORTS>
      <IMPORT NAME="footballdata-0.0.1" MODULE="footballdata-0.0.1.jar" REQUIRED="true" />
      <IMPORT NAME="commons-beanutils-1.9.2" MODULE="commons-beanutils-1.9.2.jar" REQUIRED="true" />  
      <IMPORT NAME="commons-codec-1.6" MODULE="commons-codec-1.6.jar" REQUIRED="true" />  
      <IMPORT NAME="commons-collections-3.2.1" MODULE="commons-collections-3.2.1.jar" REQUIRED="true" />  
      <IMPORT NAME="commons-logging-1.1.3" MODULE="commons-logging-1.1.3.jar" REQUIRED="true" />  
      <IMPORT NAME="httpcore-4.3.3" MODULE="httpcore-4.3.3.jar" REQUIRED="true" />  
      <IMPORT NAME="httpcore-nio-4.3.2" MODULE="httpcore-nio-4.3.2.jar" REQUIRED="true" />  
      <IMPORT NAME="gson-1.7.1" MODULE="gson-1.7.1.jar" REQUIRED="true" />  
      <IMPORT NAME="httpasyncclient-4.0.2" MODULE="httpasyncclient-4.0.2.jar" REQUIRED="true" />  
      <IMPORT NAME="httpclient-4.3.6" MODULE="httpclient-4.3.6.jar" REQUIRED="true" />
      <IMPORT NAME="httpmime-4.3.6" MODULE="httpmime-4.3.6.jar" REQUIRED="true" />
      <IMPORT NAME="json-20140107" MODULE="json-20140107.jar" REQUIRED="true" />
      <IMPORT NAME="unirest-java-1.4.7" MODULE="unirest-java-1.4.7.jar" REQUIRED="true" />
    </IMPORTS>
  </CODEGENERATION>

   <RETURNS>
      <RETURN NAME="NB_LINE" TYPE="id_Integer" AVAILABILITY="AFTER"/>
      <RETURN NAME="RECORDS_IN_RESPONSE" TYPE="id_Integer" AVAILABILITY="BEFORE"/>
   </RETURNS>
</COMPONENT>