<COMPONENT>
  <HEADER 
     PLATEFORM="ALL" 
     SERIAL="" 
     VERSION="0.1"
     STATUS="ALPHA" 
     COMPATIBILITY="WIN32" 
     AUTHOR="Thomas Cook tcook@talend.com"
     RELEASE_DATE="20090315"
     STARTABLE="true"
     DATA_AUTO_PROPAGATE="false"
   >
    <SIGNATURE/>
  </HEADER>
  <FAMILIES>
    <FAMILY>File/Management</FAMILY>
  </FAMILIES>  <DOCUMENTATION>
    <URL/>
  </DOCUMENTATION>
  <CONNECTORS>
    <CONNECTOR CTYPE="FLOW" MIN_INPUT="0" MAX_INPUT="0" MIN_OUTPUT="1" MAX_OUTPUT="1"/>
    <CONNECTOR CTYPE="ITERATE" MAX_OUTPUT="1" MAX_INPUT="1"/>
    <CONNECTOR CTYPE="SUBJOB_OK" MAX_INPUT="1"/>
    <CONNECTOR CTYPE="SUBJOB_ERROR" MAX_INPUT="1"/>
    <CONNECTOR CTYPE="COMPONENT_OK"/>
    <CONNECTOR CTYPE="COMPONENT_ERROR"/>
    <CONNECTOR CTYPE="RUN_IF"/>
  </CONNECTORS>
  <PARAMETERS>
    <PARAMETER
      NAME="SCHEMA"
      FIELD="SCHEMA_TYPE"
      REQUIRED="true"
      NUM_ROW="2"
    >
      <TABLE READONLY="true">
        <COLUMN NAME="filename"     TYPE="id_String"  LENGTH="255" />
        <COLUMN NAME="md5_sum"      TYPE="id_String"  LENGTH="10" />
      </TABLE>
    </PARAMETER>
    <PARAMETER
            NAME="FILENAME"
            FIELD="FILE"
            NUM_ROW="4"
            REQUIRED="true" >
      <DEFAULT>""</DEFAULT>
    </PARAMETER>
  </PARAMETERS>
  <CODEGENERATION>
    <IMPORTS>
      <IMPORT NAME="MD5" MODULE="md5.jar" REQUIRED="true"/>
    </IMPORTS>
  </CODEGENERATION>
  <RETURNS/>
</COMPONENT>
