<?xml version="1.0" encoding="UTF-8" ?>
<!DOCTYPE log4j:configuration SYSTEM "log4j.dtd">
<log4j:configuration xmlns:log4j='http://jakarta.apache.org/log4j/'>
	<!-- The Console Appender  -->
	<appender name="ConsoleAppender" class="org.apache.log4j.ConsoleAppender">
	<layout class="org.apache.log4j.PatternLayout">
		<param name="ConversionPattern" value="%d{HH:mm:ss,SSS} %-5p %c{2} - %m%n"/>
		</layout>
	</appender>

	<!-- Logs messages in files a file/day -->
	<appender name="DailyFileAppender" class="org.apache.log4j.DailyRollingFileAppender">
	<param name="DatePattern" value="'.'yyyy-MM-dd"/>
	<param name="File" value="/test/logs_test.log"/>
	<param name="Append" value="true"/>
	<layout class="org.apache.log4j.PatternLayout">
		<param name="ConversionPattern" value="%d{HH:mm:ss,SSS} %-5p %c{2} - %m%n"/>
	</layout>
	</appender>

	<!-- Generates a log file in HTML format  -->
	<appender name="HTMLAppender" class="org.apache.log4j.RollingFileAppender">
	<param name="DatePattern" value="'.'yyyy-MM-HH-mm"/>
	<param name="File" value="/test/logs_test.html"/>
	<param name="Append" value="true"/>
	<layout class="org.apache.log4j.HTMLLayout">
		<param name="Title" value="TestLogs"/>
	</layout>
	</appender>

	<root>
		<priority value ="debug" />
		<appender-ref ref="ConsoleAppender" />
		<appender-ref ref="DailyFileAppender" />
	</root>
</log4j:configuration>