<COMPONENT>
  <HEADER
      PLATEFORM="ALL"
      SERIAL=""
      VERSION="0.2"
      STATUS="ALPHA"
      COMPATIBILITY="ALL"
      AUTHOR="Benoit Courtine"
      RELEASE_DATE="20120522A"
      STARTABLE="true"
  >
    <SIGNATURE/>
  </HEADER>

  <FAMILIES>
    <FAMILY>File/Java7</FAMILY>
  </FAMILIES>

  <DOCUMENTATION>
    <URL/>
  </DOCUMENTATION>

  <CONNECTORS>
    <CONNECTOR CTYPE="FLOW" MAX_INPUT="0" MAX_OUTPUT="1"/>
    <CONNECTOR CTYPE="ITERATE" MAX_OUTPUT="1" MAX_INPUT="1"/>
    <CONNECTOR CTYPE="SUBJOB_OK" MAX_INPUT="1"/>
    <CONNECTOR CTYPE="SUBJOB_ERROR" MAX_INPUT="1"/>
    <CONNECTOR CTYPE="COMPONENT_OK"/>
    <CONNECTOR CTYPE="COMPONENT_ERROR"/>
    <CONNECTOR CTYPE="RUN_IF"/>
  </CONNECTORS>

  <PARAMETERS>
    <PARAMETER
        NAME="SCHEMA"
        FIELD="SCHEMA_TYPE"
        REQUIRED="true"
        NUM_ROW="10"
    >

      <TABLE READONLY="true" IF="HASH=='true'">
        <COLUMN NAME="abs_path" TYPE="id_String" LENGTH="255"/>
        <COLUMN NAME="dirname" TYPE="id_String" LENGTH="255"/>
        <COLUMN NAME="basename" TYPE="id_String" LENGTH="255"/>
        <COLUMN NAME="is_readable" TYPE="id_Boolean" />
        <COLUMN NAME="is_writable" TYPE="id_Boolean" />
        <COLUMN NAME="is_executable" TYPE="id_Boolean" />
        <COLUMN NAME="size" TYPE="id_Long" LENGTH="20"/>
        <COLUMN NAME="ctime" TYPE="id_Long" LENGTH="20"/>
        <COLUMN NAME="mtime" TYPE="id_Long" LENGTH="20"/>
        <COLUMN NAME="atime" TYPE="id_Long" LENGTH="20"/>
        <COLUMN NAME="hash" TYPE="id_String" LENGTH="32"/>
        <COLUMN NAME="owner" TYPE="id_String" LENGTH="32"/>
        <COLUMN NAME="is_hidden" TYPE="id_Boolean" />
        <COLUMN NAME="is_symbolic" TYPE="id_Boolean" />
        <COLUMN NAME="permissions" TYPE="id_String" LENGTH="32"/>
      </TABLE>
      <TABLE READONLY="true" IF="HASH=='false'">
        <COLUMN NAME="abs_path" TYPE="id_String" LENGTH="255"/>
        <COLUMN NAME="dirname" TYPE="id_String" LENGTH="255"/>
        <COLUMN NAME="basename" TYPE="id_String" LENGTH="255"/>
        <COLUMN NAME="is_readable" TYPE="id_Boolean" />
        <COLUMN NAME="is_writable" TYPE="id_Boolean" />
        <COLUMN NAME="is_executable" TYPE="id_Boolean" />
        <COLUMN NAME="size" TYPE="id_Long" LENGTH="20"/>
        <COLUMN NAME="ctime" TYPE="id_Long" LENGTH="20"/>
        <COLUMN NAME="mtime" TYPE="id_Long" LENGTH="20"/>
        <COLUMN NAME="atime" TYPE="id_Long" LENGTH="20"/>
        <COLUMN NAME="owner" TYPE="id_String" LENGTH="32"/>
        <COLUMN NAME="is_hidden" TYPE="id_Boolean" />
        <COLUMN NAME="is_symbolic" TYPE="id_Boolean" />
        <COLUMN NAME="permissions" TYPE="id_String" LENGTH="32"/>
      </TABLE>
    </PARAMETER>

    <PARAMETER
        NAME="FILENAME"
        FIELD="FILE"
        NUM_ROW="20"
        REQUIRED="true"
    >
      <DEFAULT>"__COMP_DEFAULT_FILE_DIR__/file.txt"</DEFAULT>
    </PARAMETER>

    <PARAMETER NAME="HASH" FIELD="CHECK" REQUIRED="true" NUM_ROW="50">
      <DEFAULT>false</DEFAULT>
    </PARAMETER>

    <PARAMETER
        NAME="DIGEST_METHOD"
        FIELD="CLOSED_LIST"
        NUM_ROW="60"
        REQUIRED="true"
        SHOW_IF="HASH == 'true'"
    >
      <ITEMS DEFAULT="MD5">
        <ITEM NAME="MD2" VALUE="MD2" />
        <ITEM NAME="MD5" VALUE="MD5" />
        <ITEM NAME="SHA-1" VALUE="SHA-1" />
        <ITEM NAME="SHA-256" VALUE="SHA-256" />
        <ITEM NAME="SHA-384" VALUE="SHA-384" />
        <ITEM NAME="SHA-512" VALUE="SHA-512" />
      </ITEMS>
    </PARAMETER>
  </PARAMETERS>

  <CODEGENERATION/>

  <RETURNS/>

</COMPONENT>
