<?xml version="1.0" encoding="UTF-8"?>

<COMPONENT>
	<HEADER AUTHOR="Onepoint Ltd" COMPATIBILITY="ALL"
		DATA_AUTO_PROPAGATE="false" PLATEFORM="ALL" RELEASE_DATE="20160803A"
		SCHEMA_AUTO_PROPAGATE="false" SERIAL="" STARTABLE="true" STATUS="ALPHA"
		VERSION="0.1" LOG4J_ENABLED="true">
		<SIGNATURE />
	</HEADER>
	<FAMILIES>
		<FAMILY>Cloud/Google Drive</FAMILY>
	</FAMILIES>
	<DOCUMENTATION>
		<URL>http://www.onepointltd.com</URL>
	</DOCUMENTATION>
	<CONNECTORS>
		<CONNECTOR CTYPE="FLOW" MAX_INPUT="1" MAX_OUTPUT="1" />
		<CONNECTOR CTYPE="ITERATE" MAX_OUTPUT="0" MAX_INPUT="1" />
		<CONNECTOR CTYPE="SUBJOB_OK" MAX_INPUT="1" />
		<CONNECTOR CTYPE="SUBJOB_ERROR" MAX_INPUT="1" />
		<CONNECTOR CTYPE="COMPONENT_OK" />
		<CONNECTOR CTYPE="COMPONENT_ERROR" />
		<CONNECTOR CTYPE="RUN_IF" />
	</CONNECTORS>
	<PARAMETERS>
		<PARAMETER NAME="USE_EXISTING_CONNECTION" FIELD="CHECK"
			NUM_ROW="1">
			<DEFAULT>true</DEFAULT>
		</PARAMETER>

		<PARAMETER NAME="CONNECTION" FIELD="COMPONENT_LIST" FILTER="tGoogleAPIConnection"
			NUM_ROW="1" DYNAMIC_SETTINGS="true" SHOW_IF="USE_EXISTING_CONNECTION == 'true'"
			REQUIRED="true" />

		<PARAMETER NAME="CLIENT_ID" FIELD="TEXT" NUM_ROW="3"
			REQUIRED="true" GROUP="AUTHENTICATION" SHOW_IF="USE_EXISTING_CONNECTION == 'false'">
			<DEFAULT>""</DEFAULT>
		</PARAMETER>
		<PARAMETER NAME="CLIENT_SECRET" FIELD="PASSWORD" NUM_ROW="4"
			REQUIRED="true" GROUP="AUTHENTICATION" SHOW_IF="USE_EXISTING_CONNECTION == 'false'">
			<DEFAULT>""</DEFAULT>
		</PARAMETER>
		<PARAMETER NAME="AUTHORIZATION_CODE" FIELD="TEXT" NUM_ROW="5"
			REQUIRED="false" GROUP="AUTHENTICATION" SHOW_IF="USE_EXISTING_CONNECTION == 'false'">
			<DEFAULT>""</DEFAULT>
		</PARAMETER>
		<PARAMETER NAME="AUTHORIZATION_CODE_LABEL" FIELD="LABEL"
			NUM_ROW="6" GROUP="AUTHENTICATION" SHOW_IF="USE_EXISTING_CONNECTION == 'false'"></PARAMETER>

		<PARAMETER NAME="USE_PROXY" FIELD="CHECK" NUM_ROW="10"
			REQUIRED="true" SHOW_IF="USE_EXISTING_CONNECTION == 'false'" GROUP="CONNECTION_GROUP">
			<DEFAULT>false</DEFAULT>
		</PARAMETER>

		<PARAMETER NAME="PROXY_HOST" FIELD="TEXT" NUM_ROW="11"
			SHOW_IF="(USE_PROXY == 'true') AND (USE_EXISTING_CONNECTION == 'false')"
			GROUP="CONNECTION_GROUP">
			<DEFAULT>"127.0.0.1"</DEFAULT>
		</PARAMETER>

		<PARAMETER NAME="PROXY_PORT" FIELD="TEXT" NUM_ROW="12"
			SHOW_IF="(USE_PROXY == 'true') AND (USE_EXISTING_CONNECTION == 'false')"
			GROUP="CONNECTION_GROUP">
			<DEFAULT>8087</DEFAULT>
		</PARAMETER>

		<PARAMETER NAME="PROJECT_ID" FIELD="TEXT" NUM_ROW="20"
			REQUIRED="true">
			<DEFAULT>""</DEFAULT>
		</PARAMETER>

		<PARAMETER NAME="FILE_TITLE" FIELD="TEXT" NUM_ROW="30">
			<DEFAULT>"readme.txt"</DEFAULT>
		</PARAMETER>

		<PARAMETER NAME="DESTINATION_FOLDER_NAME_RADIO" FIELD="RADIO"
			NUM_ROW="40" GROUP="DESTINATION">
			<DEFAULT>true</DEFAULT>
		</PARAMETER>
		<PARAMETER NAME="DESTINATION_FOLDER_PATH_RADIO" FIELD="RADIO"
			NUM_ROW="40" GROUP="DESTINATION">
			<DEFAULT>false</DEFAULT>
		</PARAMETER>
		<PARAMETER NAME="DESTINATION_FOLDER_ID_RADIO" FIELD="RADIO"
			NUM_ROW="40" GROUP="DESTINATION">
			<DEFAULT>false</DEFAULT>
		</PARAMETER>

		<PARAMETER NAME="DESTINATION_FOLDER_NAME" FIELD="TEXT"
			NUM_ROW="50" REQUIRED="true" GROUP="DESTINATION"
			SHOW_IF="DESTINATION_FOLDER_NAME_RADIO == 'true'">
			<DEFAULT>"root"</DEFAULT>
		</PARAMETER>
		<PARAMETER NAME="DESTINATION_FOLDER_PATH" FIELD="TEXT"
			NUM_ROW="50" REQUIRED="true" GROUP="DESTINATION"
			SHOW_IF="DESTINATION_FOLDER_PATH_RADIO == 'true'">
			<DEFAULT>"/"</DEFAULT>
		</PARAMETER>
		<PARAMETER NAME="DESTINATION_FOLDER_ID" FIELD="TEXT"
			NUM_ROW="50" REQUIRED="true" GROUP="DESTINATION"
			SHOW_IF="DESTINATION_FOLDER_ID_RADIO == 'true'">
			<DEFAULT>""</DEFAULT>
		</PARAMETER>

		<PARAMETER NAME="CREATE_FOLDER_LABEL" FIELD="CHECK" NUM_ROW="55"
			SHOW_IF="DESTINATION_FOLDER_PATH_RADIO == 'true'" GROUP="DESTINATION">
			<DEFAULT>true</DEFAULT>
		</PARAMETER>

		<PARAMETER NAME="OVERWRITE" FIELD="CHECK" NUM_ROW="78">
			<DEFAULT>true</DEFAULT>
		</PARAMETER>

		<PARAMETER NAME="READ_CONTENT_FROM_INPUT" FIELD="RADIO"
			NUM_ROW="80" GROUP="UPLOAD_MODE">
			<DEFAULT>true</DEFAULT>
		</PARAMETER>
		<PARAMETER NAME="UPLOAD_LOCAL_FILE" FIELD="RADIO" NUM_ROW="80"
			GROUP="UPLOAD_MODE">
			<DEFAULT>false</DEFAULT>
		</PARAMETER>
		<PARAMETER NAME="EXPOSE_OUTPUT_STREAM" FIELD="RADIO"
			NUM_ROW="80" GROUP="UPLOAD_MODE">
			<DEFAULT>false</DEFAULT>
		</PARAMETER>
		<PARAMETER NAME="LOCAL_FILE_PATH" FIELD="FILE" NUM_ROW="86"
			SHOW_IF="UPLOAD_LOCAL_FILE == 'true' " GROUP="UPLOAD_MODE">
			<DEFAULT>""</DEFAULT>
		</PARAMETER>

		<PARAMETER NAME="SCHEMA" FIELD="SCHEMA_TYPE" REQUIRED="true"
			NUM_ROW="99" SHOW_IF="READ_CONTENT_FROM_INPUT == 'true'" GROUP="UPLOAD_MODE">
			<TABLE READONLY="true">
				<COLUMN NAME="content" TYPE="id_Object" />
			</TABLE>
		</PARAMETER>

	</PARAMETERS>
	<ADVANCED_PARAMETERS>
		<PARAMETER NAME="TOKEN_FILE" FIELD="FILE" NUM_ROW="1"
			REQUIRED="true" GROUP="REFRESH_TOKEN" SHOW_IF="USE_EXISTING_CONNECTION == 'false'">
			<DEFAULT>"__COMP_DEFAULT_FILE_DIR__/drive_token.properties"</DEFAULT>
		</PARAMETER>
		<PARAMETER NAME="TOKEN_FILE_LABEL" FIELD="LABEL" NUM_ROW="2"
			GROUP="REFRESH_TOKEN" SHOW_IF="USE_EXISTING_CONNECTION == 'false'">
		</PARAMETER>
		<PARAMETER NAME="DESCRIPTION" FIELD="MEMO" NUM_ROW="20"
			REQUIRED="false">
		</PARAMETER>
		<PARAMETER NAME="FILE_PROPERTIES" FIELD="TABLE" REQUIRED="false"
			NUM_ROW="60" NB_LINES="5">
			<ITEMS>
				<ITEM NAME="KEY" VALUE='"key"' />
				<ITEM NAME="VALUE" VALUE='"value"' />
			</ITEMS>
		</PARAMETER>
	</ADVANCED_PARAMETERS>
	<CODEGENERATION>
		<IMPORTS>
			<IMPORT MODULE="google-api-services-drive-v2-rev230-1.22.0.jar"
				NAME="google-api-services-drive-v2-rev230-1.22.0" REQUIRED="true" />
			<IMPORT MODULE="google-api-client-1.22.0.jar" NAME="google-api-client-1.22.0"
				REQUIRED="true" />
			<IMPORT MODULE="google-oauth-client-1.22.0.jar" NAME="google-oauth-client-1.22.0"
				REQUIRED="true" />
			<IMPORT MODULE="google-http-client-1.22.0.jar" NAME="google-http-client-1.22.0"
				REQUIRED="true" />
			<IMPORT MODULE="jsr305-1.3.9.jar" NAME="jsr305-1.3.9"
				REQUIRED="true" />
			<IMPORT MODULE="httpclient-4.0.1.jar" NAME="httpclient-4.0.1"
				REQUIRED="true" />
			<IMPORT MODULE="httpcore-4.0.1.jar" NAME="httpcore-4.0.1"
				REQUIRED="true" />
			<IMPORT MODULE="commons-logging-1.1.1.jar" NAME="commons-logging-1.1.1"
				REQUIRED="true" />
			<IMPORT MODULE="commons-codec-1.3.jar" NAME="commons-codec-1.3"
				REQUIRED="true" />
			<IMPORT MODULE="google-http-client-jackson2-1.22.0.jar" NAME="google-http-client-jackson2-1.22.0"
				REQUIRED="true" />
			<IMPORT MODULE="jackson-core-2.1.3.jar" NAME="jackson-core-2.1.3"
				REQUIRED="true" />
			<IMPORT MODULE="guava-jdk5-17.0.jar" NAME="guava-jdk5-17.0"
				REQUIRED="true" />
			<IMPORT MODULE="google.wrapper.common-1.1-SNAPSHOT.jar" NAME="google.wrapper.common-1.1-SNAPSHOT"
				REQUIRED="true" />
			<IMPORT MODULE="google.authentication-1.1-SNAPSHOT.jar" NAME="google.authentication-1.1-SNAPSHOT"
				REQUIRED="true" />
			<IMPORT MODULE="google-oauth-client-java6-1.22.0.jar" NAME="google-oauth-client-java6-1.22.0"
				REQUIRED="true" />
			<IMPORT MODULE="jackson-databind-2.1.3.jar" NAME="jackson-databind-2.1.3"
				REQUIRED="true" />
			<IMPORT MODULE="jackson-annotations-2.1.2.jar" NAME="jackson-annotations-2.1.2"
				REQUIRED="true" />
			<IMPORT MODULE="google-oauth-client-jetty-1.22.0.jar" NAME="google-oauth-client-jetty-1.22.0"
				REQUIRED="true" />
			<IMPORT MODULE="jetty-6.1.26.jar" NAME="jetty-6.1.26"
				REQUIRED="true" />
			<IMPORT MODULE="jetty-util-6.1.26.jar" NAME="jetty-util-6.1.26"
				REQUIRED="true" />
			<IMPORT MODULE="servlet-api-2.5-20081211.jar" NAME="servlet-api-2.5-20081211"
				REQUIRED="true" />
			<IMPORT MODULE="google-api-services-oauth2-v1-rev115-1.22.0.jar"
				NAME="google-api-services-oauth2-v1-rev115-1.22.0" REQUIRED="true" />
			<IMPORT MODULE="drive.wrapper-1.25-SNAPSHOT.jar" NAME="drive.wrapper-1.25-SNAPSHOT"
				REQUIRED="true" />
		</IMPORTS>
	</CODEGENERATION>
	<RETURNS>
		<RETURN NAME="OUTPUTSTREAM" TYPE="java.io.OutputStream"
			AVAILABILITY="FLOW" />
		<RETURN NAME="GOOGLE_FILE_ID" TYPE="id_String" AVAILABILITY="FLOW" />
	</RETURNS>
</COMPONENT>
