<!-- 	  -->
<!--  Configuration file for sample ETL job-->
<!-- 	  -->

<!--	This file keeps all the details those are required by the application. -->
<!--	This application does not run in case any of the information is not correct.-->
<!--	Author:  Pravu Mishra-->
<!--	Date:  May 2009-->


<CONFIG>

	<OUTPUT_DB_HOST_IP>172.16.2.240</OUTPUT_DB_HOST_IP> 						<!-- Enter the database host name or IP address -->
	<OUTPUT_DB_NAME>College_ETL</OUTPUT_DB_NAME>							<!-- Enter the database name or SID-->		
	<OUTPUT_DB_PORT>1434</OUTPUT_DB_PORT>								<!-- Enter the database port number -->		
	<OUTPUT_DB_SCHEMA_NAME>dba</OUTPUT_DB_SCHEMA_NAME>					<!-- Enter the database schema name or user ID-->
	<OUTPUT_DB_USER_NAME>sysm</OUTPUT_DB_USER_NAME>					<!-- Enter the database user ID-->
	<OUTPUT_DB_PASSWORD>west</OUTPUT_DB_PASSWORD>					<!-- Enter the database user password-->

	<INPUT_DB_HOST_IP>172.16.2.67</INPUT_DB_HOST_IP> 					<!-- Enter the database host name or IP address -->
	<INPUT_DB_NAME>psma</INPUT_DB_NAME>								<!-- Enter the database name or SID-->		
	<INPUT_DB_PORT>1523</INPUT_DB_PORT>								<!-- Enter the database port number -->		
	<INPUT_DB_SCHEMA_NAME>procper</INPUT_DB_SCHEMA_NAME>				<!-- Enter the database schema name or user ID-->
	<INPUT_DB_USER_NAME>student</INPUT_DB_USER_NAME>					<!-- Enter the database user ID-->
	<INPUT_DB_PASSWORD>student</INPUT_DB_PASSWORD>					<!-- Enter the database user password-->

	<LOG_FILE_PATH>D:/UKLogFiles/</LOG_FILE_PATH>						<!-- Enter the complete name of folder where the log file will be kept -->
	<LOG_FILE_NAME>EBSExtractLog.txt</LOG_FILE_NAME>					<!-- Enter the log file name -->
		
</CONFIG>
