<COMPONENT>

  <HEADER
    PLATEFORM="ALL"
    SERIAL=""
    VERSION="0.2"
    STATUS="ALPHA"
    
    COMPATIBILITY="ALL"
    AUTHOR="Benoit Courtine"
    RELEASE_DATE="200990327A"
    STARTABLE="true"
  >
    <SIGNATURE/>
  </HEADER>

  <DOCUMENTATION>
    <URL/>
  </DOCUMENTATION>

  <CONNECTORS>
    <CONNECTOR CTYPE="FLOW" MAX_INPUT="0" MAX_OUTPUT="0"/>
    <CONNECTOR CTYPE="ITERATE" MAX_OUTPUT="0" MAX_INPUT="1"/>
    <CONNECTOR CTYPE="SUBJOB_OK" MAX_INPUT="1" />
    <CONNECTOR CTYPE="SUBJOB_ERROR" MAX_INPUT="1" />
    <CONNECTOR CTYPE="COMPONENT_OK"/>
    <CONNECTOR CTYPE="COMPONENT_ERROR"/>
    <CONNECTOR CTYPE="RUN_IF"/>
  </CONNECTORS>

  <PARAMETERS>

    <PARAMETER
      NAME="PROPERTY"
      FIELD="PROPERTY_TYPE"
      SHOW="true"
      NUM_ROW="1"
      REPOSITORY_VALUE="DATABASE:INFORMIX"
    />

    <PARAMETER
      NAME="HOST"
      FIELD="TEXT"
      NUM_ROW="2"
      REPOSITORY_VALUE="SERVER_NAME"
    >
      <DEFAULT>""</DEFAULT>
    </PARAMETER>
    
    <PARAMETER
      NAME="TYPE"
      FIELD="TEXT"
      NUM_ROW="3"
      SHOW="false"
      REPOSITORY_VALUE="TYPE"
    >
      <DEFAULT>Informix</DEFAULT>
    </PARAMETER>

    <PARAMETER
      NAME="PORT"
      FIELD="TEXT"
      NUM_ROW="2"
      REPOSITORY_VALUE="PORT"
    >
      <DEFAULT>"1533"</DEFAULT>
    </PARAMETER>

    <PARAMETER
      NAME="DBNAME"
      FIELD="TEXT"
      NUM_ROW="3"
      REPOSITORY_VALUE="SID"
      REQUIRED="true"
    >
      <DEFAULT>""</DEFAULT>
    </PARAMETER>
	
	<PARAMETER
      NAME="DBSERVER"
      FIELD="TEXT"
      NUM_ROW="4"
      REQUIRED="true"
      REPOSITORY_VALUE="DATASOURCE"
    >
      <DEFAULT>""</DEFAULT>
    </PARAMETER>

	<PARAMETER NAME="PROPERTIES" FIELD="TEXT" NUM_ROW="3" REPOSITORY_VALUE="PROPERTIES_STRING">
		<DEFAULT>""</DEFAULT>
	</PARAMETER>

    <PARAMETER
      NAME="USER"
      FIELD="TEXT"
      NUM_ROW="5"
      REPOSITORY_VALUE="USERNAME"
      REQUIRED="true"
    >
      <DEFAULT>""</DEFAULT>
    </PARAMETER>
    
    <PARAMETER
      NAME="PASS"
      FIELD="TEXT"
      NUM_ROW="5"
      REPOSITORY_VALUE="PASSWORD"
      REQUIRED="true"
    >
      <DEFAULT>""</DEFAULT>
    </PARAMETER>

   </PARAMETERS>

   <CODEGENERATION>
     <IMPORTS>
		<IMPORT NAME="Driver-Informix" MODULE="ifxjdbc.jar" REQUIRED="true" />
		<IMPORT NAME="Driver-Informix" MODULE="ifxjdbcx.jar" REQUIRED="true" />
		<IMPORT NAME="Driver-Informix" MODULE="ifxlang.jar" REQUIRED="true" />
		<IMPORT NAME="Driver-Informix" MODULE="ifxlsupp.jar" REQUIRED="true" />
		<IMPORT NAME="Driver-Informix" MODULE="ifxsqlj.jar" REQUIRED="true" />
		<IMPORT NAME="Driver-Informix" MODULE="ifxtools.jar" REQUIRED="true" />
     </IMPORTS>
   </CODEGENERATION>

   <RETURNS/>
</COMPONENT>