<?xml version="1.0" encoding="UTF-8"?>

<COMPONENT> 
  <HEADER AUTHOR="PowerUp" 
          COMPATIBILITY="ALL"
          DATA_AUTO_PROPAGATE="false" 
          SCHEMA_AUTO_PROPAGATE="true"
          PLATEFORM="ALL" 
          RELEASE_DATE="20110901PM" 
          SERIAL="" 
          STARTABLE="true" 
          STATUS="ALPHA" 
          VERSION="0.1"> 
    <SIGNATURE/> 
  </HEADER>  
  <FAMILIES> 
    <FAMILY>PowerUp/Facebook</FAMILY>
  </FAMILIES>  
  <DOCUMENTATION> 
    <URL>http://www.powerupbi.com/talend/tFBAppData.html</URL> 
  </DOCUMENTATION>  
  <CONNECTORS> 
    <CONNECTOR CTYPE="FLOW" MAX_OUTPUT="0"/>
    <CONNECTOR NAME="INSIGHT" CTYPE="FLOW" MIN_OUTPUT="1" MAX_OUTPUT="1" MAX_INPUT="0" LINE_STYLE="1"
      BASE_SCHEMA="FLOW"/> 
    <CONNECTOR CTYPE="ITERATE" MAX_OUTPUT="1" MAX_INPUT="1"/>
    <CONNECTOR CTYPE="SUBJOB_OK" MAX_OUTPUT="1" MAX_INPUT="1"/>
    <CONNECTOR CTYPE="COMPONENT_OK" MAX_OUTPUT="1" MAX_INPUT="1"/>
    <CONNECTOR CTYPE="COMPONENT_ERROR" MAX_OUTPUT="1" MAX_INPUT="1"/>
    <CONNECTOR CTYPE="RUN_IF" MAX_OUTPUT="1" MAX_INPUT="1"/>  
  </CONNECTORS>  
  <PARAMETERS> 
    <PARAMETER NAME="SCHEMA_INSIGHT" FIELD="SCHEMA_TYPE" REQUIRED="true" NUM_ROW="1" CONTEXT="INSIGHT">
     <TABLE READONLY="true">
      <COLUMN NAME="ID" TYPE="id_String" READONLY="true" CUSTOM="true"/>
      <COLUMN NAME="NAME" TYPE="id_String" READONLY="true" CUSTOM="true"/>
      <COLUMN NAME="DESCRIPTION" TYPE="id_String" READONLY="true" CUSTOM="true"/>
      <COLUMN NAME="PERIOD" TYPE="id_String" READONLY="true" CUSTOM="true"/>
      <COLUMN NAME="VALUE" TYPE="id_Integer" READONLY="true" CUSTOM="true"/>
      <COLUMN NAME="ENDTIME" TYPE="id_Date" READONLY="true" CUSTOM="true"/>
     </TABLE>
    </PARAMETER> 
    <PARAMETER NAME="APP_ID" FIELD="TEXT" REQUIRED="false" NUM_ROW ="1">
     <DEFAULT>""</DEFAULT>
    </PARAMETER>
    <PARAMETER NAME="APP_SECRET" FIELD="TEXT" REQUIRED="false" NUM_ROW ="2">
     <DEFAULT>""</DEFAULT>
    </PARAMETER>
    <PARAMETER NAME="INS_ITEM" FIELD="TEXT" REQUIRED="false" NUM_ROW ="3">
     <DEFAULT>""</DEFAULT>
    </PARAMETER>
    <PARAMETER NAME="SINCE" FIELD="TEXT" REQUIRED="false" NUM_ROW ="4">
     <DEFAULT>""</DEFAULT>
    </PARAMETER>
    <PARAMETER NAME="UNTIL" FIELD="TEXT" REQUIRED="false" NUM_ROW ="4">
     <DEFAULT>""</DEFAULT>
    </PARAMETER>
    <PARAMETER NAME="FETCHVALUES" FIELD="CHECK" REQUIRED="false" NUM_ROW ="3"/>
  </PARAMETERS>  
  <ADVANCED_PARAMETERS>
   
  </ADVANCED_PARAMETERS>  
  <CODEGENERATION>
   <IMPORTS>
    <IMPORT NAME="json-simple" 
            MODULE="json_simple-1.1.jar" REQUIRED="true" />
    <IMPORT NAME="powerup-facebook" 
            MODULE="powerup-facebook-0.1.jar" REQUIRED="true" />
   </IMPORTS>
  </CODEGENERATION>  
  <RETURNS> 
    <RETURN AVAILABILITY="AFTER" NAME="NB_LINE" TYPE="id_Integer"/>
  </RETURNS> 
</COMPONENT>
