<?xml version="1.0" encoding="UTF-8"?>

<COMPONENT> 
  <HEADER AUTHOR="PowerUp" 
          COMPATIBILITY="ALL" 
          DATA_AUTO_PROPAGATE="false"
          SCHEMA_AUTO_PROPAGATE="false" 
          HAS_CONDITIONAL_OUTPUTS="true"
          PLATEFORM="ALL" 
          RELEASE_DATE="20110617A" 
          SERIAL="" 
          STARTABLE="false" 
          STATUS="ALPHA" 
          VERSION="0.2"> 
    <SIGNATURE/> 
  </HEADER>  
  <FAMILIES> 
    <FAMILY>PowerUp</FAMILY>
    <FAMILY>Processing</FAMILY> 
  </FAMILIES>  
  <DOCUMENTATION> 
    <URL>http://www.powerupbi.com/talend/tRoundRobin.html</URL> 
  </DOCUMENTATION>  
  <CONNECTORS> 
    <CONNECTOR CTYPE="FLOW" MAX_INPUT="1" MIN_INPUT="1" MIN_OUTPUT="1"/> 
    <CONNECTOR CTYPE="SUBJOB_OK" MAX_INPUT="1" />
    <CONNECTOR CTYPE="SUBJOB_ERROR" MAX_INPUT="1" />
    <CONNECTOR CTYPE="COMPONENT_OK" />
    <CONNECTOR CTYPE="COMPONENT_ERROR" />
    <CONNECTOR CTYPE="RUN_IF" />
  </CONNECTORS>  
  <PARAMETERS> 
    <PARAMETER NAME="SCHEMA" FIELD="SCHEMA_TYPE" REQUIRED="true"
			NUM_ROW="10" />
    
    <PARAMETER NAME="BLOCKSIZE" 
               FIELD="TEXT" 
               REQUIRED="true"
	       NUM_ROW="10">
     <DEFAULT>"1"</DEFAULT>
    </PARAMETER>
   </PARAMETERS>  
  <ADVANCED_PARAMETERS> 
  </ADVANCED_PARAMETERS>  
  <CODEGENERATION></CODEGENERATION>  
  <RETURNS> 
    <RETURN AVAILABILITY="AFTER" NAME="NB_LINE" TYPE="id_Integer"/> 
  </RETURNS> 
</COMPONENT>
