<?xml version="1.0" encoding="UTF-8"?>
<COMPONENT>
	<HEADER PLATEFORM="ALL" SERIAL="" VERSION="0.3" STATUS="ALPHA"
		COMPATIBILITY="ALL" AUTHOR="Onepoint Ltd" RELEASE_DATE="20160426A"
		STARTABLE="true">
		<SIGNATURE />
	</HEADER>
	<FAMILIES>
		<FAMILY>Databases/Aerospike</FAMILY>
	</FAMILIES>
	<DOCUMENTATION>
		<URL>http://www.onepointltd.com</URL>
	</DOCUMENTATION>
	<CONNECTORS>
		<CONNECTOR CTYPE="FLOW" MAX_INPUT="0" MAX_OUTPUT="1" />
		<CONNECTOR CTYPE="SUBJOB_OK" MAX_INPUT="1" />
		<CONNECTOR CTYPE="SUBJOB_ERROR" MAX_INPUT="1" />
		<CONNECTOR CTYPE="COMPONENT_OK" />
		<CONNECTOR CTYPE="COMPONENT_ERROR" />
		<CONNECTOR CTYPE="RUN_IF" />
	</CONNECTORS>
	<PARAMETERS>
		<PARAMETER NAME="SCHEMA" FIELD="SCHEMA_TYPE" REQUIRED="true"
			NUM_ROW="1">
			<TABLE READONLY="false">
				<COLUMN NAME="key" TYPE="id_String" READONLY="true" CUSTOM="true"
					LENGTH="256" KEY="true" NULLABLE="false" COMMENT="Aerospike key representation" />
				<COLUMN NAME="digestBase64" TYPE="id_String" READONLY="true"
					CUSTOM="true" LENGTH="128" KEY="true" NULLABLE="false"
					COMMENT="Aerospike key digest with base 64 encoding" />
			</TABLE>
		</PARAMETER>
		<PARAMETER NAME="SERVER" FIELD="TEXT" NUM_ROW="3" REQUIRED="true"
			GROUP="DATASOURCE">
			<DEFAULT>"localhost"</DEFAULT>
		</PARAMETER>
		<PARAMETER NAME="PORT" FIELD="INTEGER" NUM_ROW="3" REQUIRED="true"
			GROUP="DATASOURCE">
			<DEFAULT>3000</DEFAULT>
		</PARAMETER>
		<PARAMETER NAME="NAMESPACE" FIELD="TEXT" NUM_ROW="4"
			REQUIRED="true" GROUP="DATASOURCE">
			<DEFAULT>"test"</DEFAULT>
		</PARAMETER>
		<PARAMETER NAME="SET" FIELD="TEXT" NUM_ROW="5" REQUIRED="true">
			<DEFAULT>"customers"</DEFAULT>
		</PARAMETER>

		<PARAMETER NAME="USE_SCAN" FIELD="RADIO" REQUIRED="true"
			NUM_ROW="30" GROUP="QUERY_MODE">
			<DEFAULT>true</DEFAULT>
		</PARAMETER>
		
		<PARAMETER NAME="USE_PK_QUERY" FIELD="RADIO" REQUIRED="true"
			NUM_ROW="30" GROUP="QUERY_MODE">
			<DEFAULT>false</DEFAULT>
		</PARAMETER>
		
		<PARAMETER NAME="USE_FILTER_QUERY" FIELD="RADIO" REQUIRED="true"
			NUM_ROW="30" GROUP="QUERY_MODE">
			<DEFAULT>false</DEFAULT>
		</PARAMETER>
		
		<PARAMETER NAME="PK_QUERY" FIELD="TEXT" NUM_ROW="33"
			REQUIRED="true" GROUP="QUERY_MODE"  SHOW_IF="USE_PK_QUERY=='true'">
			<DEFAULT>"joe.bloggs@mail.com"</DEFAULT>
		</PARAMETER>
		
		<PARAMETER NAME="QUERY_FIELD" FIELD="COLUMN_LIST" REQUIRED="true"
			NUM_ROW="34" GROUP="QUERY_MODE" SHOW_IF="USE_FILTER_QUERY=='true'">
		</PARAMETER>
		
		<PARAMETER NAME="OPERATOR" FIELD="CLOSED_LIST" REQUIRED="true"
			NUM_ROW="34" GROUP="QUERY_MODE" SHOW_IF="USE_FILTER_QUERY=='true'">
			<ITEMS DEFAULT="EQUAL">
				<ITEM NAME="EQUAL" VALUE="EQUAL" />
				<ITEM NAME="BETWEEN" VALUE="BETWEEN" />
			</ITEMS>
		</PARAMETER>
		
		<PARAMETER NAME="EQUALITY_VALUE" FIELD="TEXT" REQUIRED="false"
			NUM_ROW="34" GROUP="QUERY_MODE"
			SHOW_IF="((OPERATOR == 'EQUAL') AND (USE_FILTER_QUERY == 'true'))">
		</PARAMETER>
		
		<PARAMETER NAME="MIN_VALUE" FIELD="DOUBLE" REQUIRED="false"
			NUM_ROW="34" GROUP="QUERY_MODE"
			SHOW_IF="((OPERATOR == 'BETWEEN') AND (USE_FILTER_QUERY == 'true'))">
		</PARAMETER>
		
		<PARAMETER NAME="MAX_VALUE" FIELD="DOUBLE" REQUIRED="false"
			NUM_ROW="34" GROUP="QUERY_MODE" 
			SHOW_IF="((OPERATOR == 'BETWEEN') AND (USE_FILTER_QUERY == 'true'))">
		</PARAMETER>
	    
	    <PARAMETER NAME="BETWEEN_NOTE" FIELD="LABEL" NUM_ROW="35" GROUP="QUERY_MODE" 
            SHOW_IF="((OPERATOR == 'BETWEEN') AND (USE_FILTER_QUERY == 'true'))"
        >
	        <DEFAULT>*Note: the between operator can only by applied to numeric fields.</DEFAULT>
	    </PARAMETER>
	    
	    <PARAMETER NAME="SECONDARY_INDEX_NOTE" FIELD="LABEL" NUM_ROW="36" GROUP="QUERY_MODE" 
            SHOW_IF="USE_FILTER_QUERY == 'true'"
        >
	        <DEFAULT>*Note: Please make sure that you have created a secondary index on the selected field</DEFAULT>
	    </PARAMETER>
		
	</PARAMETERS>
	<ADVANCED_PARAMETERS>
		<PARAMETER NAME="LIMIT" FIELD="INTEGER" NUM_ROW="1" REQUIRED="false">

		</PARAMETER>
	</ADVANCED_PARAMETERS>
	<CODEGENERATION>
		<IMPORTS>
			<IMPORT MODULE="aerospike.adapter-1.5-SNAPSHOT-jar-with-dependencies.jar"
				NAME="aerospike.adapter-1.5-SNAPSHOT-jar-with-dependencies"
				REQUIRED="true" />
		</IMPORTS>
	</CODEGENERATION>
	<RETURNS>
		<RETURN AVAILABILITY="AFTER" NAME="NB_LINE" TYPE="id_Integer" />
	</RETURNS>
</COMPONENT>
