<COMPONENT>
  <HEADER
    PLATEFORM="ALL"
    SERIAL=""
    VERSION="0.2"
    STATUS="ALPHA"
    
    COMPATIBILITY="ALL"
    AUTHOR="Benoit Courtine"
    RELEASE_DATE="20090603A"
    STARTABLE="true"
    SCHEMA_AUTO_PROPAGATE="false"
    DATA_AUTO_PROPAGATE="false"
  >
    <SIGNATURE/>
  </HEADER>

  <FAMILIES>
	<FAMILY>Databases/Informix</FAMILY>
  </FAMILIES>
  
  <DOCUMENTATION>
    <URL/>
  </DOCUMENTATION>

  <CONNECTORS>
    <CONNECTOR CTYPE="FLOW" MAX_INPUT="1" MAX_OUTPUT="1"/>
    <CONNECTOR CTYPE="ITERATE" MAX_OUTPUT="0" MAX_INPUT="1"/>
    <CONNECTOR CTYPE="SUBJOB_OK" MAX_INPUT="1" />
    <CONNECTOR CTYPE="SUBJOB_ERROR" MAX_INPUT="1" />
    <CONNECTOR CTYPE="COMPONENT_OK"/>
    <CONNECTOR CTYPE="COMPONENT_ERROR"/>
    <CONNECTOR CTYPE="RUN_IF"/>
  </CONNECTORS>

  <PARAMETERS>
    <PARAMETER
      NAME="PROPERTY"
      FIELD="PROPERTY_TYPE"
      SHOW="true"
      NUM_ROW="1"
      REPOSITORY_VALUE="DATABASE:INFORMIX"
      SHOW_IF="USE_EXISTING_CONNECTION == 'false'"
    />
	
    <PARAMETER
      NAME="USE_EXISTING_CONNECTION"
      FIELD="CHECK"
      NUM_ROW="2"
    >
      <DEFAULT>false</DEFAULT>
    </PARAMETER>
    
    <PARAMETER
      NAME="CONNECTION"
      FIELD="COMPONENT_LIST"
      FILTER="tInformixConnection"
      NUM_ROW="2"
      SHOW_IF="USE_EXISTING_CONNECTION == 'true'"
    />         
    
    <PARAMETER
      NAME="HOST"
      FIELD="TEXT"
      NUM_ROW="3"
      REPOSITORY_VALUE="SERVER_NAME"
      SHOW_IF="USE_EXISTING_CONNECTION == 'false'"
    >
      <DEFAULT>"localhost"</DEFAULT>
    </PARAMETER>
	
    <PARAMETER
      NAME="PORT"
      FIELD="TEXT"
      NUM_ROW="3"
      REPOSITORY_VALUE="PORT"
      SHOW_IF="USE_EXISTING_CONNECTION == 'false'"
    >
      <DEFAULT>"1533"</DEFAULT>
    </PARAMETER>
	
    <PARAMETER
      NAME="DBNAME"
      FIELD="TEXT"
      NUM_ROW="4"
      REPOSITORY_VALUE="SID"
      SHOW_IF="USE_EXISTING_CONNECTION == 'false'"
    >
      <DEFAULT>""</DEFAULT>
    </PARAMETER>
	
    <PARAMETER
      NAME="DBSERVER"
      FIELD="TEXT"
      NUM_ROW="4"
      REQUIRED="true"
      REPOSITORY_VALUE="DATASOURCE"
      SHOW_IF="USE_EXISTING_CONNECTION == 'false'"
    >
      <DEFAULT>""</DEFAULT>
    </PARAMETER>
	
    <PARAMETER
      NAME="TYPE"
      FIELD="TEXT"
      NUM_ROW="4"
      SHOW="false"
      REPOSITORY_VALUE="TYPE"
    >
      <DEFAULT>Informix</DEFAULT>
    </PARAMETER>
    
    <PARAMETER
      NAME="USER"
      FIELD="TEXT"
      NUM_ROW="5"
      REPOSITORY_VALUE="USERNAME"
      SHOW_IF="USE_EXISTING_CONNECTION == 'false'"
    >
      <DEFAULT>""</DEFAULT>
    </PARAMETER>
	
    <PARAMETER
      NAME="PASS"
      FIELD="TEXT"
      NUM_ROW="5"
      REPOSITORY_VALUE="PASSWORD"
      SHOW_IF="USE_EXISTING_CONNECTION == 'false'"
    >
      <DEFAULT>""</DEFAULT>
    </PARAMETER>
	
    <PARAMETER
      NAME="SCHEMA"
      FIELD="SCHEMA_TYPE"
      NUM_ROW="6"
    >
      <DEFAULT>""</DEFAULT>
    </PARAMETER>
    
    <PARAMETER
      NAME="SP_NAME"
      FIELD="TEXT"
      NUM_ROW="8"
      REQUIRED="true"
    >
      <DEFAULT>"myfunction"</DEFAULT>
    </PARAMETER>
	
    <PARAMETER
      NAME="IS_FUNCTION"
      FIELD="CHECK"
      NUM_ROW="9"
    >
      <DEFAULT>false</DEFAULT>
    </PARAMETER>
    
    <PARAMETER
      NAME="RETURN"
      FIELD="COLUMN_LIST"
      NUM_ROW="9"
      SHOW_IF="IS_FUNCTION == 'true'"
    >
    </PARAMETER>
    
	<PARAMETER
      NAME="SP_ARGS"
      FIELD="TABLE"
      REQUIRED="false"
      NUM_ROW="10"
      NB_LINES="3"
    >
      <ITEMS>
        <ITEM NAME="COLUMN" FIELD="COLUMN_LIST"/>
        
        <ITEM NAME="TYPE" FIELD="CLOSED_LIST">
          <ITEMS DEFAULT="IN">
            <ITEM NAME="IN" VALUE="IN"/>
            <ITEM NAME="OUT" VALUE="OUT"/>
            <ITEM NAME="INOUT" VALUE="INOUT"/>
            <ITEM NAME="RECORDSET" VALUE="RECORDSET"/>
          </ITEMS>
        </ITEM>
      </ITEMS>
    </PARAMETER>
  </PARAMETERS>
  
  <ADVANCED_PARAMETERS>
  	<PARAMETER NAME="PROPERTIES" FIELD="TEXT" NUM_ROW="4" REPOSITORY_VALUE="PROPERTIES_STRING" SHOW_IF="USE_EXISTING_CONNECTION == 'false'">
		<DEFAULT>""</DEFAULT>
	</PARAMETER>

  </ADVANCED_PARAMETERS>

  <CODEGENERATION>
    <IMPORTS>
        <IMPORT NAME="Driver-Informix" MODULE="ifxjdbc.jar" REQUIRED="true" />
        <IMPORT NAME="Driver-Informix" MODULE="ifxjdbcx.jar" REQUIRED="true" />
        <IMPORT NAME="Driver-Informix" MODULE="ifxlang.jar" REQUIRED="true" />
        <IMPORT NAME="Driver-Informix" MODULE="ifxlsupp.jar" REQUIRED="true" />
        <IMPORT NAME="Driver-Informix" MODULE="ifxsqlj.jar" REQUIRED="true" />
        <IMPORT NAME="Driver-Informix" MODULE="ifxtools.jar" REQUIRED="true" />
    </IMPORTS>
  </CODEGENERATION>
   
  <RETURNS/>
</COMPONENT>
