<?xml version="1.0" encoding="UTF-8"?>

<COMPONENT>
	<HEADER AUTHOR="Onepoint Ltd" COMPATIBILITY="ALL"
		DATA_AUTO_PROPAGATE="false" PLATEFORM="ALL" RELEASE_DATE="20160801A"
		SERIAL="" STARTABLE="true" STATUS="ALPHA" VERSION="0.1" LOG4J_ENABLED="true">
		<SIGNATURE />
	</HEADER>
	<FAMILIES>
		<FAMILY>Cloud</FAMILY>
	</FAMILIES>
	<DOCUMENTATION>
		<URL>http://www.onepointltd.com</URL>
	</DOCUMENTATION>
	<CONNECTORS>
		<CONNECTOR CTYPE="FLOW" MAX_INPUT="0" MAX_OUTPUT="0" />
		<CONNECTOR CTYPE="ITERATE" MAX_OUTPUT="0" MAX_INPUT="1" />
		<CONNECTOR CTYPE="SUBJOB_OK" MAX_INPUT="1" />
		<CONNECTOR CTYPE="SUBJOB_ERROR" MAX_INPUT="1" />
		<CONNECTOR CTYPE="COMPONENT_OK" />
		<CONNECTOR CTYPE="COMPONENT_ERROR" />
		<CONNECTOR CTYPE="RUN_IF" />
	</CONNECTORS>
	<PARAMETERS>
		<PARAMETER NAME="CLIENT_ID" FIELD="TEXT" NUM_ROW="2"
			REQUIRED="true" GROUP="AUTHENTICATION">
			<DEFAULT>""</DEFAULT>
		</PARAMETER>
		<PARAMETER NAME="CLIENT_SECRET" FIELD="PASSWORD" NUM_ROW="3"
			REQUIRED="true" GROUP="AUTHENTICATION">
			<DEFAULT>""</DEFAULT>
		</PARAMETER>
		<PARAMETER NAME="AUTHORIZATION_CODE" FIELD="TEXT" NUM_ROW="5"
			REQUIRED="false" GROUP="AUTHENTICATION">
			<DEFAULT>""</DEFAULT>
		</PARAMETER>
		<PARAMETER NAME="AUTHORIZATION_CODE_LABEL" FIELD="LABEL"
			NUM_ROW="6" GROUP="AUTHENTICATION"></PARAMETER>
			
		<PARAMETER NAME="USE_PROXY" FIELD="CHECK" NUM_ROW="50"
			REQUIRED="true" GROUP="CONNECTION_GROUP">
			<DEFAULT>false</DEFAULT>
		</PARAMETER>

		<PARAMETER NAME="PROXY_HOST" FIELD="TEXT" NUM_ROW="55"
			SHOW_IF="(USE_PROXY == 'true')"
			GROUP="CONNECTION_GROUP">
			<DEFAULT>"127.0.0.1"</DEFAULT>
		</PARAMETER>

		<PARAMETER NAME="PROXY_PORT" FIELD="TEXT" NUM_ROW="55"
			SHOW_IF="(USE_PROXY == 'true')"
			GROUP="CONNECTION_GROUP">
			<DEFAULT>8087</DEFAULT>
		</PARAMETER>
		
		<PARAMETER
			NAME="OAUTH_SCOPES"
			FIELD="TABLE"
			REQUIRED="true"
			NUM_ROW="60"
			NB_LINES="5"
		>
			<ITEMS>
				<ITEM NAME="SCOPE" VALUE='"https://www.googleapis.com/auth/cloud-platform"' />
			</ITEMS>
		</PARAMETER>
		
	</PARAMETERS>
	<ADVANCED_PARAMETERS>
		<PARAMETER NAME="TOKEN_FILE" FIELD="FILE" NUM_ROW="1"
			REQUIRED="true" GROUP="REFRESH_TOKEN">
			<DEFAULT>"__COMP_DEFAULT_FILE_DIR__/token.properties"</DEFAULT>
		</PARAMETER>
		<PARAMETER NAME="TOKEN_FILE_LABEL" FIELD="LABEL" NUM_ROW="2"
			GROUP="REFRESH_TOKEN">
		</PARAMETER>
	</ADVANCED_PARAMETERS>
	<CODEGENERATION>
		<IMPORTS>
			<IMPORT MODULE="commons-codec-1.3.jar" NAME="commons-codec-1.3"
				REQUIRED="true" />
			<IMPORT MODULE="commons-logging-1.1.1.jar" NAME="commons-logging-1.1.1"
				REQUIRED="true" />
			<IMPORT MODULE="google.authentication-1.1-SNAPSHOT.jar" NAME="google.authentication-1.1-SNAPSHOT"
				REQUIRED="true" />
			<IMPORT MODULE="google-api-client-1.22.0.jar" NAME="google-api-client-1.22.0"
				REQUIRED="true" />
			<IMPORT MODULE="google-api-services-pubsub-v1-rev11-1.22.0.jar"
				NAME="google-api-services-pubsub-v1-rev11-1.22.0" REQUIRED="true" />
			<IMPORT MODULE="google-http-client-1.22.0.jar" NAME="google-http-client-1.22.0"
				REQUIRED="true" />
			<IMPORT MODULE="google-http-client-jackson2-1.22.0.jar" NAME="google-http-client-jackson2-1.22.0"
				REQUIRED="true" />
			<IMPORT MODULE="google-oauth-client-1.22.0.jar" NAME="google-oauth-client-1.22.0"
				REQUIRED="true" />
			<IMPORT MODULE="google-oauth-client-java6-1.22.0.jar" NAME="google-oauth-client-java6-1.22.0"
				REQUIRED="true" />
			<IMPORT MODULE="guava-jdk5-17.0.jar" NAME="guava-jdk5-17.0"
				REQUIRED="true" />
			<IMPORT MODULE="httpclient-4.0.1.jar" NAME="httpclient-4.0.1"
				REQUIRED="true" />
			<IMPORT MODULE="httpcore-4.0.1.jar" NAME="httpcore-4.0.1"
				REQUIRED="true" />
			<IMPORT MODULE="jackson-annotations-2.1.2.jar" NAME="jackson-annotations-2.1.2"
				REQUIRED="true" />
			<IMPORT MODULE="jackson-core-2.1.3.jar" NAME="jackson-core-2.1.3"
				REQUIRED="true" />
			<IMPORT MODULE="jackson-databind-2.1.3.jar" NAME="jackson-databind-2.1.3"
				REQUIRED="true" />
			<IMPORT MODULE="jsr305-1.3.9.jar" NAME="jsr305-1.3.9"
				REQUIRED="true" />
		</IMPORTS>
	</CODEGENERATION>
	<RETURNS>
		<RETURN AVAILABILITY="AFTER" NAME="NB_LINE" TYPE="id_Integer" />
	</RETURNS>
</COMPONENT>
