<?xml version="1.0" encoding="UTF-8"?>

<COMPONENT>
	<HEADER AUTHOR="Onepoint Ltd" COMPATIBILITY="ALL"
		DATA_AUTO_PROPAGATE="false" HAS_CONDITIONAL_OUTPUTS="true" PLATEFORM="ALL"
		RELEASE_DATE="20160615A" SERIAL=""
		STARTABLE="true" STATUS="ALPHA" VERSION="0.1" LOG4J_ENABLED="true">
		<SIGNATURE />
	</HEADER>
	<FAMILIES>
		<FAMILY>Internet/Messaging</FAMILY>
	</FAMILIES>
	<DOCUMENTATION>
		<URL>http://www.onepointltd.com</URL>
	</DOCUMENTATION>
	<CONNECTORS>
		<CONNECTOR CTYPE="FLOW" MAX_INPUT="0" MAX_OUTPUT="1" />
		<CONNECTOR NAME="REJECT" CTYPE="FLOW" MAX_INPUT="0"
			MAX_OUTPUT="1" LINE_STYLE="2" COLOR="FF0000" BASE_SCHEMA="FLOW"
			NOT_SHOW_IF="FAIL_ON_OPERATION_ERROR == 'true'" />
		<CONNECTOR CTYPE="ITERATE" MAX_OUTPUT="1" MAX_INPUT="1" />
		<CONNECTOR CTYPE="SUBJOB_OK" MAX_INPUT="1" />
		<CONNECTOR CTYPE="SUBJOB_ERROR" MAX_INPUT="1" />
		<CONNECTOR CTYPE="COMPONENT_OK" />
		<CONNECTOR CTYPE="COMPONENT_ERROR" />
		<CONNECTOR CTYPE="RUN_IF" />
	</CONNECTORS>
	<PARAMETERS>
		<PARAMETER NAME="SCHEMA" FIELD="SCHEMA_TYPE" REQUIRED="true" NUM_ROW="1">
			<TABLE READONLY="false">
				<COLUMN NAME="messageId" TYPE="id_String" READONLY="true" CUSTOM="true"
					LENGTH="256" KEY="true" NULLABLE="false" COMMENT="Message identifier" />
				<COLUMN NAME="publishTime" TYPE="id_String" READONLY="true"
					CUSTOM="true" LENGTH="256" KEY="true" NULLABLE="false"
					COMMENT="The publish time of the message" />
			</TABLE>
		</PARAMETER>
		<PARAMETER NAME="SCHEMA_REJECT" FIELD="SCHEMA_TYPE"
			REQUIRED="true" NUM_ROW="45" CONTEXT="REJECT" SHOW="true">
			<TABLE READONLY="true">
				<COLUMN NAME="errorLocation" TYPE="id_String" LENGTH="255"
					READONLY="false" CUSTOM="true" />
				<COLUMN NAME="errorMessage" TYPE="id_String" LENGTH="255"
					READONLY="false" CUSTOM="true" />
			</TABLE>
		</PARAMETER>
		<PARAMETER NAME="CLIENT_ID" FIELD="TEXT" NUM_ROW="2"
			REQUIRED="true" GROUP="AUTHENTICATION">
			<DEFAULT>""</DEFAULT>
		</PARAMETER>
		<PARAMETER NAME="CLIENT_SECRET" FIELD="PASSWORD" NUM_ROW="3"
			REQUIRED="true" GROUP="AUTHENTICATION">
			<DEFAULT>""</DEFAULT>
		</PARAMETER>
		<PARAMETER NAME="PROJECT_ID" FIELD="TEXT" NUM_ROW="4"
			REQUIRED="true" GROUP="AUTHENTICATION">
			<DEFAULT>""</DEFAULT>
		</PARAMETER>
		<PARAMETER NAME="AUTHORIZATION_CODE" FIELD="TEXT" NUM_ROW="5"
			REQUIRED="false" GROUP="AUTHENTICATION">
			<DEFAULT>""</DEFAULT>
		</PARAMETER>
		<PARAMETER NAME="AUTHORIZATION_CODE_LABEL" FIELD="LABEL"
			NUM_ROW="6" GROUP="AUTHENTICATION"></PARAMETER>
		<PARAMETER NAME="TOPIC" FIELD="TEXT" NUM_ROW="7" REQUIRED="true">
		</PARAMETER>
		<PARAMETER NAME="SUBSCRIPTION_NAME_PREFIX" FIELD="TEXT"
			NUM_ROW="8" REQUIRED="true">
		</PARAMETER>
		<PARAMETER NAME="USE_RANDOM" FIELD="RADIO" REQUIRED="true"
			NUM_ROW="9" GROUP="SUBSCRIPTION_POSFIX_NAME">
			<DEFAULT>true</DEFAULT>
		</PARAMETER>
		<PARAMETER NAME="USE_PREDEFINED" FIELD="RADIO" REQUIRED="true"
			NUM_ROW="9" GROUP="SUBSCRIPTION_POSFIX_NAME">
			<DEFAULT>false</DEFAULT>
		</PARAMETER>
		<PARAMETER NAME="SUBSCRIPTION_NAME_SUFFIX" FIELD="TEXT"
			NUM_ROW="10" REQUIRED="false" SHOW_IF="(USE_PREDEFINED == 'true')"  
			GROUP="SUBSCRIPTION_POSFIX_NAME">
		</PARAMETER>
	</PARAMETERS>
	<ADVANCED_PARAMETERS>

		<PARAMETER NAME="TOKEN_FILE" FIELD="FILE" NUM_ROW="1"
			REQUIRED="true" GROUP="REFRESH_TOKEN">
			<DEFAULT>"__COMP_DEFAULT_FILE_DIR__/token.properties"</DEFAULT>
		</PARAMETER>
		<PARAMETER NAME="TOKEN_FILE_LABEL" FIELD="LABEL" NUM_ROW="2"
			GROUP="REFRESH_TOKEN">
		</PARAMETER>
		<PARAMETER NAME="LIMIT" FIELD="TEXT" NUM_ROW="3" REQUIRED="false">
		</PARAMETER>
		<PARAMETER NAME="BATCH_SIZE" FIELD="TEXT" NUM_ROW="3" REQUIRED="false">
		</PARAMETER>
		<PARAMETER NAME="FAIL_ON_OPERATION_ERROR" FIELD="CHECK"
			NUM_ROW="4" REQUIRED="true">
			<DEFAULT>true</DEFAULT>
		</PARAMETER>
	</ADVANCED_PARAMETERS>
	<CODEGENERATION>
		<IMPORTS>
			<IMPORT MODULE="commons-codec-1.3.jar" NAME="commons-codec-1.3"
				REQUIRED="true" />
			<IMPORT MODULE="commons-logging-1.1.1.jar" NAME="commons-logging-1.1.1"
				REQUIRED="true" />
			<IMPORT MODULE="google-api-client-1.22.0.jar" NAME="google-api-client-1.22.0"
				REQUIRED="true" />
			<IMPORT MODULE="google-api-services-oauth2-v1-rev115-1.22.0.jar"
				NAME="google-api-services-oauth2-v1-rev115-1.22.0" REQUIRED="true" />
			<IMPORT MODULE="google-api-services-pubsub-v1-rev11-1.22.0.jar"
				NAME="google-api-services-pubsub-v1-rev11-1.22.0" REQUIRED="true" />
			<IMPORT MODULE="google-http-client-1.22.0.jar" NAME="google-http-client-1.22.0"
				REQUIRED="true" />
			<IMPORT MODULE="google-http-client-jackson2-1.22.0.jar" NAME="google-http-client-jackson2-1.22.0"
				REQUIRED="true" />
			<IMPORT MODULE="google-oauth-client-1.22.0.jar" NAME="google-oauth-client-1.22.0"
				REQUIRED="true" />
			<IMPORT MODULE="google-oauth-client-java6-1.22.0.jar" NAME="google-oauth-client-java6-1.22.0"
				REQUIRED="true" />
			<IMPORT MODULE="google-oauth-client-jetty-1.22.0.jar" NAME="google-oauth-client-jetty-1.22.0"
				REQUIRED="true" />
			<IMPORT MODULE="googlepubsub.wrapper-1.8-SNAPSHOT.jar" NAME="googlepubsub.wrapper-1.8-SNAPSHOT"
				REQUIRED="true" />
			<IMPORT MODULE="guava-jdk5-17.0.jar" NAME="guava-jdk5-17.0"
				REQUIRED="true" />
			<IMPORT MODULE="httpclient-4.0.1.jar" NAME="httpclient-4.0.1"
				REQUIRED="true" />
			<IMPORT MODULE="httpcore-4.0.1.jar" NAME="httpcore-4.0.1"
				REQUIRED="true" />
			<IMPORT MODULE="jackson-annotations-2.1.2.jar" NAME="jackson-annotations-2.1.2"
				REQUIRED="true" />
			<IMPORT MODULE="jackson-core-2.1.3.jar" NAME="jackson-core-2.1.3"
				REQUIRED="true" />
			<IMPORT MODULE="jackson-databind-2.1.3.jar" NAME="jackson-databind-2.1.3"
				REQUIRED="true" />
			<IMPORT MODULE="jetty-6.1.26.jar" NAME="jetty-6.1.26"
				REQUIRED="true" />
			<IMPORT MODULE="jetty-util-6.1.26.jar" NAME="jetty-util-6.1.26"
				REQUIRED="true" />
			<IMPORT MODULE="jsr305-1.3.9.jar" NAME="jsr305-1.3.9"
				REQUIRED="true" />
			<IMPORT MODULE="servlet-api-2.5-20081211.jar" NAME="servlet-api-2.5-20081211"
				REQUIRED="true" />
		</IMPORTS>
	</CODEGENERATION>
	<RETURNS>
		<RETURN AVAILABILITY="AFTER" NAME="NB_LINE" TYPE="id_Integer" />
	</RETURNS>
</COMPONENT>
