<?xml version="1.0" encoding="UTF-8"?>

<COMPONENT> 
  <HEADER AUTHOR="Talend" 
          COMPATIBILITY="ALL" 
          DATA_AUTO_PROPAGATE="true"
          SCHEMA_AUTO_PROPAGATE="true"
          PLATEFORM="ALL" 
          RELEASE_DATE="20080229A"
          SERIAL="" 
          STATUS="ALPHA" 
          VERSION="0.102"
          HAS_CONDITIONAL_OUTPUTS="false"
          STARTABLE="true" > 
    <SIGNATURE/> 
  </HEADER>  
  <FAMILIES> 
    <FAMILY>User</FAMILY> 
  </FAMILIES>  
  <DOCUMENTATION> 
    <URL/> 
  </DOCUMENTATION>  
  <CONNECTORS> 
    <CONNECTOR CTYPE="FLOW" MAX_INPUT="1" MAX_OUTPUT="1"  />
   	<CONNECTOR CTYPE="ITERATE" MAX_OUTPUT="1" MAX_INPUT="1" />
	<CONNECTOR CTYPE="SUBJOB_OK" />
	<CONNECTOR CTYPE="SUBJOB_ERROR" />
	<CONNECTOR CTYPE="COMPONENT_OK" />
	<CONNECTOR CTYPE="COMPONENT_ERROR" />
	<CONNECTOR CTYPE="RUN_IF" />   
  </CONNECTORS>  
  <PARAMETERS> 
    <PARAMETER NAME="SCHEMA" FIELD="SCHEMA_TYPE" REQUIRED="true" NUM_ROW="10">
			<DEFAULT />
	</PARAMETER>
	<PARAMETER
      NAME="VARIABLES"
      FIELD="TABLE"
      REQUIRED="true"
      NUM_ROW="20"
      NB_LINES="5"
    >
      <ITEMS>
        <ITEM NAME="KEY" VALUE='"myKey"' />
        <ITEM NAME="VALUE" VALUE='"myValue"' />
      </ITEMS>
    </PARAMETER>	 
  </PARAMETERS>  
  <ADVANCED_PARAMETERS>
  	    <PARAMETER NAME="IS_CONTEXT_DEFINE" FIELD="CHECK" REQUIRED="true"
			NUM_ROW="15" REPOSITORY_VALUE="APPEND">
			<DEFAULT>true</DEFAULT>
		</PARAMETER>  
  </ADVANCED_PARAMETERS>  
  <CODEGENERATION></CODEGENERATION>  
  <RETURNS> 
    <RETURN AVAILABILITY="AFTER" NAME="NB_LINE" TYPE="id_Integer"/> 
  </RETURNS> 
</COMPONENT>
