<COMPONENT>
  <HEADER
    PLATEFORM="ALL"
    SERIAL=""
    VERSION="0.1"
    STATUS="ALPHA"
    COMPATIBILITY="ALL"
    AUTHOR="Fxp"
    RELEASE_DATE="20080222"
    STARTABLE="true"
  >
    <SIGNATURE/>
  </HEADER>

  <DOCUMENTATION>
    <URL/>
  </DOCUMENTATION>

  <CONNECTORS>
    <CONNECTOR CTYPE="FLOW" MAX_INPUT="1"/>
    <CONNECTOR CTYPE="ITERATE" MAX_OUTPUT="1" MAX_INPUT="1"/>
    <CONNECTOR CTYPE="THEN_RUN" MAX_INPUT="1"/>
    <CONNECTOR CTYPE="REFERENCE"/>
    <CONNECTOR CTYPE="COMPONENT_OK"/>
    <CONNECTOR CTYPE="COMPONENT_ERROR"/>
    <CONNECTOR CTYPE="RUN_IF"/>
  </CONNECTORS>

  <PARAMETERS>
    <PARAMETER
      NAME="FILENAME"
      FIELD="FILE"
      NUM_ROW="1"
      REQUIRED="true"
    >
      <DEFAULT>"__COMP_DEFAULT_FILE_DIR__/in.pdf"</DEFAULT>
    </PARAMETER>

  </PARAMETERS>

  <CODEGENERATION>
    <IMPORTS>
      <IMPORT
        NAME="iText"
        MODULE="iText-2.0.8.jar"
        REQUIRED="true"
      />
    </IMPORTS>
  </CODEGENERATION>
  

  <RETURNS>
    <RETURN NAME="PAGE_NUMBER" TYPE="id_Integer" AVAILABILITY="FLOW"/>
    <RETURN NAME="FILE_LENGTH" TYPE="id_Integer" AVAILABILITY="FLOW"/>
    <RETURN NAME="AUTHOR" TYPE="id_String" AVAILABILITY="FLOW"/>
    <RETURN NAME="CREATOR" TYPE="id_String" AVAILABILITY="FLOW"/>
    <RETURN NAME="TITLE" TYPE="id_String" AVAILABILITY="FLOW"/>
    <RETURN NAME="MODDATE" TYPE="id_String" AVAILABILITY="FLOW"/>
    <RETURN NAME="CREATIONDATE" TYPE="id_String" AVAILABILITY="FLOW"/>
    <RETURN NAME="PRODUCER" TYPE="id_String" AVAILABILITY="FLOW"/>
    <RETURN NAME="ISOPAGEFORMAT" TYPE="id_String" AVAILABILITY="FLOW"/>
    <RETURN NAME="FIRST_PAGE_HEIGTH" TYPE="id_Float" AVAILABILITY="FLOW"/>
    <RETURN NAME="FIRST_PAGE_WIDTH" TYPE="id_Float" AVAILABILITY="FLOW"/>
    <RETURN NAME="FIRST_PAGE_ROTATION" TYPE="id_Integer" AVAILABILITY="FLOW"/>
    
  </RETURNS>
</COMPONENT>
