<?xml version="1.0" encoding="UTF-8"?>
<COMPONENT>
	<HEADER AUTHOR="Onepoint Ltd" COMPATIBILITY="ALL"
		DATA_AUTO_PROPAGATE="false" PLATEFORM="ALL" RELEASE_DATE="20160428A"
		SERIAL="" STARTABLE="false" STATUS="ALPHA" VERSION="0.1">
		<SIGNATURE />
	</HEADER>
	<FAMILIES>
		<FAMILY>Databases/Aerospike</FAMILY>
	</FAMILIES>
	<DOCUMENTATION>
		<URL>http://www.onepointltd.com</URL>
	</DOCUMENTATION>
	<CONNECTORS>
		<CONNECTOR CTYPE="FLOW" MAX_INPUT="1" MAX_OUTPUT="1" />
		<CONNECTOR CTYPE="COMPONENT_OK" />
		<CONNECTOR CTYPE="COMPONENT_ERROR" />
	</CONNECTORS>
	<PARAMETERS>
		<PARAMETER NAME="SCHEMA" FIELD="SCHEMA_TYPE" REQUIRED="true"
			NUM_ROW="1">
			<TABLE READONLY="false">
				<COLUMN NAME="key" TYPE="id_String" READONLY="true" CUSTOM="true"
					LENGTH="256" KEY="true" NULLABLE="false" COMMENT="Aerospike key representation" />
			</TABLE>
		</PARAMETER>
		<PARAMETER NAME="SERVER" FIELD="TEXT" NUM_ROW="2" REQUIRED="true"
			GROUP="DATASOURCE">
			<DEFAULT>"localhost"</DEFAULT>
		</PARAMETER>
		<PARAMETER NAME="PORT" FIELD="INTEGER" NUM_ROW="2" REQUIRED="true"
			GROUP="DATASOURCE">
			<DEFAULT>3000</DEFAULT>
		</PARAMETER>
		<PARAMETER NAME="NAMESPACE" FIELD="TEXT" NUM_ROW="3"
			REQUIRED="true" GROUP="DATASOURCE">
			<DEFAULT>"my_namespace"</DEFAULT>
		</PARAMETER>
		<PARAMETER NAME="SET" FIELD="TEXT" NUM_ROW="4" REQUIRED="true">
			<DEFAULT>"customers"</DEFAULT>
		</PARAMETER>
		<PARAMETER NAME="USE_DEFAULT_KEY" FIELD="CHECK" NUM_ROW="5">
			<DEFAULT>true</DEFAULT>
		</PARAMETER>
		<PARAMETER NAME="KEY_CREATOR" FIELD="TABLE" NUM_ROW="6"
			NB_LINES="2" SHOW_IF="USE_DEFAULT_KEY == 'false'">
			<ITEMS>
				<ITEM NAME="IS_KEY" FIELD="COLUMN_LIST" />
			</ITEMS>
		</PARAMETER>
		<PARAMETER NAME="KEY_SEPARATOR" FIELD="TEXT" NUM_ROW="7"
			REQUIRED="true" SHOW_IF="USE_DEFAULT_KEY == 'false'">
			<DEFAULT>":"</DEFAULT>
		</PARAMETER>
	</PARAMETERS>
	<ADVANCED_PARAMETERS></ADVANCED_PARAMETERS>
	<CODEGENERATION>
		<IMPORTS>
			<IMPORT MODULE="aerospike.adapter-1.5-SNAPSHOT-jar-with-dependencies.jar"
				NAME="aerospike.adapter-1.5-SNAPSHOT-jar-with-dependencies"
				REQUIRED="true" />
		</IMPORTS>
	</CODEGENERATION>
	<RETURNS>
		<RETURN AVAILABILITY="AFTER" NAME="NB_LINE" TYPE="id_Integer" />
	</RETURNS>
</COMPONENT>
