<?xml version="1.0" encoding="UTF-8"?>

<COMPONENT> 
  <HEADER AUTHOR="Talend" COMPATIBILITY="ALL" DATA_AUTO_PROPAGATE="false" PLATEFORM="ALL" RELEASE_DATE="20080229A" SERIAL="" STARTABLE="false" STATUS="ALPHA" VERSION="0.102"> 
    <SIGNATURE/> 
  </HEADER>  
  <FAMILIES> 
    <FAMILY>Transformation</FAMILY>
  </FAMILIES>  
  <DOCUMENTATION> 
    <URL/> 
  </DOCUMENTATION>  
  <CONNECTORS> 
    	<CONNECTOR CTYPE="ROUTE" MAX_INPUT="1" MAX_OUTPUT="1"/>  
    	<CONNECTOR CTYPE="ROUTE_WHEN" MAX_INPUT="1" MAX_OUTPUT="0" />
		<CONNECTOR CTYPE="ROUTE_OTHER" MAX_INPUT="1" MAX_OUTPUT="0" />
		<CONNECTOR CTYPE="ROUTE_TRY" MAX_INPUT="1" MAX_OUTPUT="0" />
		<CONNECTOR CTYPE="ROUTE_CATCH" MAX_INPUT="1" MAX_OUTPUT="0" />
		<CONNECTOR CTYPE="ROUTE_FINALLY" MAX_INPUT="1" MAX_OUTPUT="0" />
		<CONNECTOR CTYPE="ROUTE_ENDBLOCK" MAX_INPUT="1" MAX_OUTPUT="0" />
  </CONNECTORS>  
  <PARAMETERS>      
      <PARAMETER NAME="HEADER_PATTERN" FIELD="TEXT"  NUM_ROW="10" REQUIRED="true">
        <DEFAULT>"*"</DEFAULT>
      </PARAMETER>
      <PARAMETER NAME="EXCLUDE_PATTERN_LIST" FIELD="TABLE" NUM_ROW="20" NB_LINES="5"  >
		<ITEMS>
				<ITEM NAME="EXCLUDE_HEADER" VALUE="" />					
		</ITEMS>
	  </PARAMETER>
  </PARAMETERS>  
  <ADVANCED_PARAMETERS> 
  </ADVANCED_PARAMETERS>  
  <CODEGENERATION></CODEGENERATION>  
  <RETURNS> 
  </RETURNS> 
</COMPONENT>
