<?xml version="1.0" encoding="UTF-8"?>

<COMPONENT> 
  <HEADER AUTHOR="Talend" COMPATIBILITY="ALL" DATA_AUTO_PROPAGATE="false" PLATEFORM="ALL" RELEASE_DATE="20080229A" SERIAL="" STARTABLE="false" STATUS="ALPHA" VERSION="0.102"> 
    <SIGNATURE/> 
  </HEADER>  
  <FAMILIES> 
    <FAMILY>User</FAMILY> 
  </FAMILIES>  
  <DOCUMENTATION> 
    <URL/> 
  </DOCUMENTATION>  
  <CONNECTORS> 
    <CONNECTOR CTYPE="FLOW" MAX_INPUT="1"/> 
  </CONNECTORS>  
  <PARAMETERS> 
     <PARAMETER
      NAME="ORIGIN"
      FIELD="TEXT"
      NUM_ROW="2"
      REQUIRED="true"
    >
      <DEFAULT>array_tArray_1</DEFAULT>
    </PARAMETER>

    <PARAMETER
      NAME="SCHEMA"
      FIELD="SCHEMA_TYPE"
      REQUIRED="true"
      NUM_ROW="4"
    >
      <DEFAULT/> 
    </PARAMETER>
  </PARAMETERS>  
  <ADVANCED_PARAMETERS> 
    
  </ADVANCED_PARAMETERS>  
  <CODEGENERATION></CODEGENERATION>  
  <RETURNS> 
  </RETURNS> 
</COMPONENT>
