<COMPONENT>
  <HEADER
      PLATEFORM="ALL"
      SERIAL=""
      VERSION="0.1"
      STATUS="ALPHA"
      COMPATIBILITY="ALL"
      AUTHOR="Benoit Courtine"
      RELEASE_DATE="20111010A"
      STARTABLE="true"
  >
    <SIGNATURE/>
  </HEADER>

  <FAMILIES>
    <FAMILY>File/Java7</FAMILY>
  </FAMILIES>

  <DOCUMENTATION>
    <URL/>
  </DOCUMENTATION>

  <CONNECTORS>
    <CONNECTOR CTYPE="FLOW" MAX_INPUT="0" MAX_OUTPUT="1"/>
    <CONNECTOR CTYPE="ITERATE" MAX_OUTPUT="1" MAX_INPUT="1"/>
    <CONNECTOR CTYPE="SUBJOB_OK" MAX_INPUT="1"/>
    <CONNECTOR CTYPE="SUBJOB_ERROR" MAX_INPUT="1"/>
    <CONNECTOR CTYPE="COMPONENT_OK"/>
    <CONNECTOR CTYPE="COMPONENT_ERROR"/>
    <CONNECTOR CTYPE="RUN_IF"/>
  </CONNECTORS>

  <PARAMETERS>
    <PARAMETER
        NAME="SCHEMA"
        FIELD="SCHEMA_TYPE"
        REQUIRED="true"
        NUM_ROW="10"
    >

      <TABLE READONLY="true" IF="MD5=='true'">
        <COLUMN NAME="abs_path" TYPE="id_String" LENGTH="255"/>
        <COLUMN NAME="dirname" TYPE="id_String" LENGTH="255"/>
        <COLUMN NAME="basename" TYPE="id_String" LENGTH="255"/>
        <COLUMN NAME="mode_string" TYPE="id_String" LENGTH="10"/>
        <COLUMN NAME="size" TYPE="id_Long" LENGTH="20"/>
        <COLUMN NAME="mtime" TYPE="id_Long" LENGTH="20"/>
        <COLUMN NAME="mtime_string" TYPE="id_String" LENGTH="20"/>
        <COLUMN NAME="md5" TYPE="id_String" LENGTH="32"/>
        <COLUMN NAME="owner" TYPE="id_String" LENGTH="32"/>
        <COLUMN NAME="permissions" TYPE="id_String" LENGTH="32"/>
      </TABLE>
      <TABLE READONLY="true" IF="MD5=='false'">
        <COLUMN NAME="abs_path" TYPE="id_String" LENGTH="255"/>
        <COLUMN NAME="dirname" TYPE="id_String" LENGTH="255"/>
        <COLUMN NAME="basename" TYPE="id_String" LENGTH="255"/>
        <COLUMN NAME="mode_string" TYPE="id_String" LENGTH="10"/>
        <COLUMN NAME="size" TYPE="id_Long" LENGTH="20"/>
        <COLUMN NAME="mtime" TYPE="id_Long" LENGTH="20"/>
        <COLUMN NAME="mtime_string" TYPE="id_String" LENGTH="20"/>
        <COLUMN NAME="owner" TYPE="id_String" LENGTH="32"/>
        <COLUMN NAME="permissions" TYPE="id_String" LENGTH="32"/>
      </TABLE>
    </PARAMETER>

    <PARAMETER
        NAME="FILENAME"
        FIELD="FILE"
        NUM_ROW="20"
        REQUIRED="true"
    >
      <DEFAULT>"__COMP_DEFAULT_FILE_DIR__/file.txt"</DEFAULT>
    </PARAMETER>

    <PARAMETER NAME="MD5" FIELD="CHECK" REQUIRED="true" NUM_ROW="50">
      <DEFAULT>false</DEFAULT>
    </PARAMETER>
  </PARAMETERS>

  <CODEGENERATION/>

  <RETURNS/>

</COMPONENT>
