<?xml version="1.0" encoding="UTF-8"?>

<COMPONENT> 
  <HEADER AUTHOR="Talend" 
          COMPATIBILITY="ALL" 
          DATA_AUTO_PROPAGATE="false" 
          PLATEFORM="ALL" 
          RELEASE_DATE="20080229A" 
          SERIAL="" 
          STARTABLE="true" 
          STATUS="ALPHA" 
          VERSION="0.102"> 
    <SIGNATURE/> 
  </HEADER>  
  <FAMILIES> 
    <FAMILY>DataPublica</FAMILY> 
  </FAMILIES>  
  <DOCUMENTATION> 
    <URL/> 
  </DOCUMENTATION>  
  <CONNECTORS>
    	<CONNECTOR CTYPE="ITERATE" MAX_OUTPUT="1" MAX_INPUT="1"/>
    	<CONNECTOR CTYPE="SUBJOB_OK" MAX_INPUT="1" />
    	<CONNECTOR CTYPE="SUBJOB_ERROR" MAX_INPUT="1" />
   		<CONNECTOR CTYPE="COMPONENT_OK"/>
    	<CONNECTOR CTYPE="COMPONENT_ERROR"/>
    	<CONNECTOR CTYPE="RUN_IF"/>
  </CONNECTORS>  
  <PARAMETERS> 
  	<PARAMETER NAME="PROTOCOL" FIELD="CLOSED_LIST" NUM_ROW="10">
			<ITEMS DEFAULT="HTTPS">
				<ITEM NAME="HTTP" VALUE="http" />
				<ITEM NAME="HTTPS" VALUE="https" />						
			</ITEMS>
	</PARAMETER>
	<PARAMETER NAME="HOSTNAME" FIELD="TEXT" NUM_ROW="20">
		<DEFAULT>"www.data-publica.com"</DEFAULT>
	</PARAMETER>
	
	<PARAMETER NAME="PORT" FIELD="CLOSED_LIST" NUM_ROW="30">
			<ITEMS DEFAULT="P443">
			    <ITEM NAME="VIDE" VALUE="X" />
				<ITEM NAME="P80" VALUE="80" />
				<ITEM NAME="P443" VALUE="443" />						
			</ITEMS>
	</PARAMETER>
	<PARAMETER NAME="AC_NAME" FIELD="TEXT" NUM_ROW="40">
		<DEFAULT>"user"</DEFAULT>
	</PARAMETER>
	<PARAMETER NAME="AC_PASSWORD" FIELD="TEXT" NUM_ROW="50">
		<DEFAULT>"password"</DEFAULT>
	</PARAMETER>
  </PARAMETERS>  
  <ADVANCED_PARAMETERS> 
  </ADVANCED_PARAMETERS>  
  <CODEGENERATION>
  </CODEGENERATION>  
  <RETURNS> 
  </RETURNS> 
</COMPONENT>
