<?xml version="1.0" encoding="UTF-8"?>

<COMPONENT >  
  <HEADER 
    AUTHOR="GadzOrg" 
    PLATEFORM="ALL" 
    SERIAL="" 
    VERSION="2.107"
    STATUS="BETA" 
    COMPATIBILITY="ALL" 
    RELEASE_DATE="20080223"     
   
    SCHEMA_AUTO_PROPAGATE="true"
    STARTABLE="false" 
  > 

    <SIGNATURE/>
  </HEADER>
  
  <FAMILIES>
    <FAMILY>GoogleApps</FAMILY>
  </FAMILIES>
  
  <DOCUMENTATION>
    <URL/>
  </DOCUMENTATION>

  <CONNECTORS>
    <CONNECTOR CTYPE="FLOW" MIN_INPUT="1" MAX_INPUT="1"/>
    <CONNECTOR CTYPE="ITERATE" MAX_OUTPUT="1" MAX_INPUT="1"/>
    <CONNECTOR CTYPE="SUBJOB_OK" MAX_INPUT="1" />
    <CONNECTOR CTYPE="SUBJOB_ERROR" MAX_INPUT="1" />
    <CONNECTOR CTYPE="COMPONENT_OK" />
    <CONNECTOR CTYPE="COMPONENT_ERROR" />
    <CONNECTOR CTYPE="RUN_IF" />
  </CONNECTORS>

  <PARAMETERS>

    <PARAMETER
      NAME="LAB01"
      FIELD="LABEL"
      REQUIRED="true"
      NUM_ROW="1"
      CONTEXT="255;0;0">
      <DEFAULT>GoogleApps User management (API V2.0)</DEFAULT>
    </PARAMETER>


    <PARAMETER
      NAME="CREATE"
      FIELD="RADIO"
      NUM_ROW="3"
      GROUP="MODE"
      
    >
      <DEFAULT>true</DEFAULT>
    </PARAMETER>
    
      <!-- READONLY="true" -->
    <PARAMETER
      NAME="UPDATE"
      FIELD="RADIO"
      NUM_ROW="3"
      GROUP="MODE"
    >
      <DEFAULT>false</DEFAULT>
    </PARAMETER>

    <PARAMETER
      NAME="DELETE"
      FIELD="RADIO"
      NUM_ROW="3"
      GROUP="MODE"
    >
      <DEFAULT>false</DEFAULT>
    </PARAMETER>

    <PARAMETER
      NAME="GADOMAINNAME"
      FIELD="TEXT"
      NUM_ROW="5"
      REPOSITORY_VALUE="LIMIT"
    >
      <DEFAULT>'example.com'</DEFAULT>
    </PARAMETER>       

    <PARAMETER
      NAME="GALOGIN"
      FIELD="TEXT"
      NUM_ROW="10"
      REPOSITORY_VALUE="LIMIT"
    >
      <DEFAULT>'adminuser'</DEFAULT>
    </PARAMETER>   

    <PARAMETER
      NAME="GAPASSWORD"
      FIELD="TEXT"
      NUM_ROW="10"
      REPOSITORY_VALUE="LIMIT"
    >
      <DEFAULT>'adminpassword'</DEFAULT>
    </PARAMETER>   
    
    <PARAMETER
      NAME="SCHEMA"
      FIELD="SCHEMA_TYPE" 
      REQUIRED="true" 
      NUM_ROW="50" 
      READONLY="true">
            
      <TABLE IF="CREATE=='true'">
        <COLUMN NAME="username" KEY="false" TYPE="string" LENGTH="255" NULLABLE="false" />
        <COLUMN NAME="firstname" KEY="false" TYPE="string" LENGTH="255" NULLABLE="false" />
        <COLUMN NAME="lastname" KEY="false" TYPE="string" LENGTH="255" NULLABLE="false" />
        <COLUMN NAME="password" KEY="false" TYPE="string" LENGTH="255" NULLABLE="false" />
        <COLUMN NAME="result" KEY="false" TYPE="string" LENGTH="1" NULLABLE="false" READONLY="true" CUSTOM="true" />
        <COLUMN NAME="returncode" KEY="false" TYPE="string" LENGTH="255" NULLABLE="false" READONLY="true" CUSTOM="true" />
      </TABLE>
      
      <TABLE IF="UPDATE=='true'">
        <COLUMN NAME="username" KEY="false" TYPE="string" LENGTH="255" NULLABLE="false" />
        <COLUMN NAME="firstname" KEY="false" TYPE="string" LENGTH="255" NULLABLE="false" />
        <COLUMN NAME="lastname" KEY="false" TYPE="string" LENGTH="255" NULLABLE="false" />
        <COLUMN NAME="password" KEY="false" TYPE="string" LENGTH="255" NULLABLE="false" />
        <COLUMN NAME="result" KEY="false" TYPE="string" LENGTH="1" NULLABLE="false" READONLY="true" CUSTOM="true" />
        <COLUMN NAME="returncode" KEY="false" TYPE="string" LENGTH="255" NULLABLE="false" READONLY="true" CUSTOM="true" />
      </TABLE>
            
      <TABLE IF="DELETE=='true'">
        <COLUMN NAME="username" KEY="false" TYPE="string" LENGTH="255" NULLABLE="false" />
        <COLUMN NAME="result" KEY="false" TYPE="string" LENGTH="1" NULLABLE="false" READONLY="true" CUSTOM="true" />
        <COLUMN NAME="returncode" KEY="false" TYPE="string" LENGTH="255" NULLABLE="false" READONLY="true" CUSTOM="true" />
      </TABLE>
    </PARAMETER>

  </PARAMETERS>

  <ADVANCED_PARAMETERS>

    <PARAMETER
      NAME="ENCODING"
      FIELD="ENCODING_TYPE"
      NUM_ROW="10"
      REQUIRED="true"
      REPOSITORY_VALUE="ENCODING"
    >
      <DEFAULT>'ISO-8859-15'</DEFAULT>
    </PARAMETER>

    <PARAMETER
      NAME="CHANGEPASSWORD"
      FIELD="CHECK"
      REQUIRED="true"
      NUM_ROW="20"
    >
      <DEFAULT>false</DEFAULT>
    </PARAMETER>
    
    <PARAMETER
      NAME="SHA1PASSWORD"
      FIELD="CHECK"
      REQUIRED="true"
      NUM_ROW="20"
    >
      <DEFAULT>false</DEFAULT>
    </PARAMETER>

    <PARAMETER
      NAME="ADDPREFIX"
      FIELD="CHECK"
      REQUIRED="true"
      NUM_ROW="30"
    >
      <DEFAULT>false</DEFAULT>
    </PARAMETER>

    <PARAMETER 
      SHOW_IF="ADDPREFIX=='true'"
      NAME="PREFIX"
      FIELD="TEXT"
      NUM_ROW="30"     
    >
      <DEFAULT>''</DEFAULT>
    </PARAMETER>   

    <PARAMETER
      NAME="DIE_ON_ERROR"
      FIELD="CHECK"
      REQUIRED="true"
      NUM_ROW="40"
      READONLY="true"
    >
      <DEFAULT>false</DEFAULT>
    </PARAMETER>
    
    <PARAMETER
      NAME="PRINTAPIACTIONS"
      FIELD="CHECK"
      REQUIRED="true"   
      NUM_ROW="40"
    >
      <DEFAULT>false</DEFAULT>
    </PARAMETER>

  </ADVANCED_PARAMETERS>
    
  <CODEGENERATION>
    <IMPORTS>
      <IMPORT
		NAME="VUser-Google-ProvisioningAPI" 
        MODULE="VUser::Google::ProvisioningAPI"
        REQUIRED="true" />
	</IMPORTS>
  </CODEGENERATION>

  <RETURNS>
    <RETURN NAME="NB_LINE" TYPE="INTEGER" AVAILABILITY="AFTER"/>
    <RETURN NAME="NB_LINE_OK" TYPE="INTEGER" AVAILABILITY="AFTER"/>
    <RETURN NAME="NB_LINE_NOK" TYPE="INTEGER" AVAILABILITY="AFTER"/>
  </RETURNS>

</COMPONENT>