<COMPONENT>
  <HEADER
    PLATEFORM="ALL"
       SERIAL=""
      VERSION="1.001"
       STATUS="BETA"
COMPATIBILITY="ALL"
       AUTHOR="MWeissie"
 RELEASE_DATE="20080326A"
    STARTABLE="true"
  >
    <SIGNATURE></SIGNATURE>
  </HEADER>
  <FAMILIES>
    <FAMILY>Internet</FAMILY>
  </FAMILIES>

  <DOCUMENTATION>
    <URL/>
  </DOCUMENTATION>

  <CONNECTORS>
    <CONNECTOR CTYPE="FLOW" MAX_INPUT="1" MAX_OUTPUT="1"/>
    <CONNECTOR CTYPE="ITERATE" MAX_OUTPUT="0" MAX_INPUT="1"/>
    <CONNECTOR CTYPE="SUBJOB_OK" MAX_INPUT="1" />
    <CONNECTOR CTYPE="SUBJOB_ERROR" MAX_INPUT="1" />
    <CONNECTOR CTYPE="COMPONENT_OK"/>
    <CONNECTOR CTYPE="COMPONENT_ERROR"/>
    <CONNECTOR CTYPE="RUN_IF"/>
  </CONNECTORS>

  <PARAMETERS>
    <PARAMETER
       NAME="URI"
       FIELD="TEXT"
       REQUIRED="true"
       NUM_ROW="1"
    >
      <DEFAULT>"http://Server:Port/directory"</DEFAULT>
    </PARAMETER>

    <PARAMETER
      NAME="FILENAME"
      FIELD="FILE"
      REQUIRED="true"
      NUM_ROW="2"
    >
      <DEFAULT></DEFAULT>
    </PARAMETER>
	<PARAMETER NAME="HEADERS"
	    FIELD="TABLE"
		REQUIRED="false"
		NUM_ROW="6"
		NB_LINES="5">
		<ITEMS>
		    <ITEM NAME="HEADER_NAME" />
			<ITEM NAME="HEADER_VALUE" />
		</ITEMS>
	</PARAMETER>
	
	<PARAMETER NAME="OUT_TO_FILE"
	    FIELD="CHECK"
		REQUIRED="true"
		NUM_ROW="3"
		>
		<DEFAULT>false</DEFAULT>
    </PARAMETER>
	<PARAMETER NAME="OUT_FILE_NAME"
	   FIELD="FILE"
	   REQUIRED="false"
	   NUM_ROW="4"
	   SHOW_IF="OUT_TO_FILE == 'true'">
	   <DEFAULT></DEFAULT>
	</PARAMETER>
  </PARAMETERS>

  <CODEGENERATION/>

  <RETURNS/>

</COMPONENT>