<COMPONENT>
	<HEADER PLATEFORM="ALL" SERIAL="" VERSION="0.101" STATUS="ALPHA"
		COMPATIBILITY="ALL" AUTHOR="Neogeo Technologies" RELEASE_DATE="20100523A"
		STARTABLE="false">
		<SIGNATURE></SIGNATURE>
	</HEADER>

  <FAMILIES>
    <FAMILY>File/Output</FAMILY>
  </FAMILIES>

	<DOCUMENTATION>
		<URL />
	</DOCUMENTATION>

	<CONNECTORS>
		<CONNECTOR CTYPE="FLOW" MAX_INPUT="1" MAX_OUTPUT="1"/>
		<CONNECTOR CTYPE="ITERATE" MAX_OUTPUT="0" MAX_INPUT="0" />
		<CONNECTOR CTYPE="SUBJOB_OK" MAX_INPUT="1" />
		<CONNECTOR CTYPE="SUBJOB_ERROR" MAX_INPUT="1" />
		<CONNECTOR CTYPE="COMPONENT_OK" />
		<CONNECTOR CTYPE="COMPONENT_ERROR" />
		<CONNECTOR CTYPE="RUN_IF" />
	</CONNECTORS>

	<PARAMETERS>
		<PARAMETER NAME="PROPERTY" FIELD="PROPERTY_TYPE" SHOW="true"
			NUM_ROW="10" REPOSITORY_VALUE="DELIMITED" />
		<PARAMETER NAME="USESTREAM" FIELD="CHECK" NUM_ROW="15">
			<DEFAULT>false</DEFAULT>
		</PARAMETER>
		<PARAMETER NAME="STREAMNAME" FIELD="TEXT" NUM_ROW="20" SHOW_IF="USESTREAM=='true'">
			<DEFAULT>outputStream</DEFAULT>
		</PARAMETER>
		<PARAMETER NAME="FILENAME" FIELD="FILE" NUM_ROW="20"
			REQUIRED="true" REPOSITORY_VALUE="FILE_PATH" NOT_SHOW_IF="USESTREAM=='true'">
			<DEFAULT>"__COMP_DEFAULT_FILE_DIR__/out.csv"</DEFAULT>
		</PARAMETER>

		<PARAMETER NAME="ROWSEPARATOR" FIELD="TEXT" NUM_ROW="30"
			REPOSITORY_VALUE="ROW_SEPARATOR">
			<DEFAULT>"\n//\n\n"</DEFAULT>
		</PARAMETER>

		<PARAMETER NAME="FIELDSEPARATOR" FIELD="TEXT" NUM_ROW="30"
			REPOSITORY_VALUE="FIELD_SEPARATOR" SHOW="false">
			<DEFAULT>"\n"</DEFAULT>
		</PARAMETER>
		
		<PARAMETER NAME="APPEND" FIELD="CHECK" REQUIRED="true"
			NUM_ROW="40" REPOSITORY_VALUE="APPEND" NOT_SHOW_IF="USESTREAM=='true'">
			<DEFAULT>false</DEFAULT>
		</PARAMETER>

		<!-- Headers are always added to monocol files -->
		<PARAMETER NAME="INCLUDEHEADER" FIELD="CHECK" NUM_ROW="40" SHOW="false">
			<DEFAULT>false</DEFAULT>
		</PARAMETER>

		<PARAMETER NAME="COLLENGTH" FIELD="TEXT" NUM_ROW="35">
			<DEFAULT>9</DEFAULT>
		</PARAMETER>

		<PARAMETER NAME="UCCOL" FIELD="CHECK" NUM_ROW="35">
			<DEFAULT>true</DEFAULT>
		</PARAMETER>
		
	    <PARAMETER NAME="COMPRESS" FIELD="CHECK" NUM_ROW="40" SHOW_IF="(APPEND=='false') and (SPLIT=='false')">
	    	<DEFAULT>false</DEFAULT>
	    </PARAMETER>
	    
		<PARAMETER NAME="SCHEMA" FIELD="SCHEMA_TYPE" REQUIRED="true"
			NUM_ROW="60">
			<DEFAULT />
		</PARAMETER>
	</PARAMETERS>
	
	<ADVANCED_PARAMETERS>
		<PARAMETER NAME="ADVANCED_SEPARATOR" FIELD="CHECK" REQUIRED="true" NUM_ROW="31" >
			<DEFAULT>false</DEFAULT>
		</PARAMETER>
		
		<PARAMETER NAME="THOUSANDS_SEPARATOR" FIELD="TEXT" REQUIRED="true" NUM_ROW="31"
			SHOW_IF="(ADVANCED_SEPARATOR == 'true')">
			<DEFAULT>","</DEFAULT>
		</PARAMETER>		
		
		<PARAMETER NAME="DECIMAL_SEPARATOR" FIELD="TEXT" REQUIRED="true" NUM_ROW="31"
			SHOW_IF="(ADVANCED_SEPARATOR == 'true')">
			<DEFAULT>"."</DEFAULT>
		</PARAMETER>
		
		<PARAMETER NAME="CREATE" FIELD="CHECK" REQUIRED="true"
			NUM_ROW="40" NOT_SHOW_IF="USESTREAM=='true'">
			<DEFAULT>true</DEFAULT>
		</PARAMETER>

		<PARAMETER NAME="SPLIT" FIELD="CHECK" REQUIRED="true"
			NUM_ROW="50" NOT_SHOW_IF="USESTREAM=='true'">
			<DEFAULT>false</DEFAULT>
		</PARAMETER>

		<PARAMETER NAME="SPLIT_EVERY" FIELD="TEXT" REQUIRED="true"
			NUM_ROW="50" SHOW_IF="(SPLIT == 'true') AND (USESTREAM=='false')">
			<DEFAULT>1000</DEFAULT>
		</PARAMETER>

		<PARAMETER NAME="FLUSHONROW" FIELD="CHECK" REQUIRED="true"
			NUM_ROW="55">
			<DEFAULT>false</DEFAULT>
		</PARAMETER>

		<PARAMETER NAME="FLUSHONROW_NUM" FIELD="TEXT" REQUIRED="true"
			NUM_ROW="55" SHOW_IF="FLUSHONROW == 'true'">
			<DEFAULT>1</DEFAULT>
		</PARAMETER>
		
		<PARAMETER NAME="ROW_MODE" FIELD="CHECK" REQUIRED="true"
			NUM_ROW="60">
			<DEFAULT>false</DEFAULT>
		</PARAMETER>
		
		<PARAMETER NAME="ENCODING" FIELD="ENCODING_TYPE" NUM_ROW="70"
			REQUIRED="true" REPOSITORY_VALUE="ENCODING">
			<DEFAULT>"ISO-8859-15"</DEFAULT>
		</PARAMETER>
		
	  	<PARAMETER NAME="DELETE_EMPTYFILE" FIELD="CHECK" REQUIRED="true" NUM_ROW="80" SHOW_IF="USESTREAM=='false'">
	      <DEFAULT>false</DEFAULT>
	    </PARAMETER>		
	</ADVANCED_PARAMETERS>

	<CODEGENERATION>
		<IMPORTS>
			<IMPORT NAME="CsvWriter" MODULE="javacsv.jar"
				REQUIRED="true" />
		</IMPORTS>
	</CODEGENERATION>

	<RETURNS>
		<RETURN NAME="NB_LINE" TYPE="id_Integer" AVAILABILITY="AFTER" />
	</RETURNS>
</COMPONENT>
