<COMPONENT>
  <HEADER
    PLATEFORM="ALL"
    SERIAL=""
    VERSION="2.0"
    STATUS="ALPHA"
  
    COMPATIBILITY="ALL"
    AUTHOR="Himanshu Sharma"
    RELEASE_DATE="20191901"
    STARTABLE="true"
  >
    <SIGNATURE/>
  </HEADER>
  
  <FAMILIES>
    <FAMILY>tutorial</FAMILY>
  </FAMILIES>
  
  <DOCUMENTATION>
    <URL/>
  </DOCUMENTATION>
  
  <CONNECTORS>
    <CONNECTOR CTYPE="FLOW" MAX_INPUT="1"/>
    <CONNECTOR CTYPE="ITERATE" MAX_OUTPUT="1" MAX_INPUT="1"/>
    <CONNECTOR CTYPE="SUBJOB_OK" MAX_INPUT="1" />
    <CONNECTOR CTYPE="SUBJOB_ERROR" MAX_INPUT="1" />
    <CONNECTOR CTYPE="COMPONENT_OK" />
    <CONNECTOR CTYPE="COMPONENT_ERROR" />
    <CONNECTOR CTYPE="RUN_IF" />
  </CONNECTORS>
  
  <PARAMETERS>
    <PARAMETER NAME="PDF_INPUT" FIELD="FILE" REQUIRED="true" NUM_ROW="10">
      <DEFAULT>"__COMP_DEFAULT_FILE_DIR__/file.pdf"</DEFAULT>
	  </PARAMETER>
	  <PARAMETER NAME="PDF_OUTPUT" FIELD="FILE" REQUIRED="true" NUM_ROW="20">
      <DEFAULT>"__COMP_DEFAULT_FILE_DIR__/file.txt"</DEFAULT>
	  </PARAMETER>
	  <PARAMETER NAME="CSV_OUTPUT" FIELD="FILE" REQUIRED="true" NUM_ROW="20">
      <DEFAULT>"__COMP_DEFAULT_FILE_DIR__/file.csv"</DEFAULT>
	  </PARAMETER>
	  <PARAMETER NAME="PDF_PAGE_START" FIELD="TEXT" REQUIRED="true" NUM_ROW="30">
      <DEFAULT>"-1"</DEFAULT>
	  </PARAMETER>
	  <PARAMETER NAME="PDF_PAGE_END" FIELD="TEXT" REQUIRED="true" NUM_ROW="30">
      <DEFAULT>"-1"</DEFAULT>
	  </PARAMETER>
	  <PARAMETER NAME="PDF_ENCODING" FIELD="ENCODING_TYPE" REQUIRED="true" NUM_ROW="35" REPOSITORY_VALUE="ENCODING">
      <DEFAULT>"UTF-8"</DEFAULT>
	  </PARAMETER>
	  <PARAMETER NAME="DELIM_TYPE" FIELD="TEXT" REQUIRED="true" NUM_ROW="35">
      <DEFAULT>"|"</DEFAULT>
	  </PARAMETER>
  </PARAMETERS>
  
  <ADVANCED_PARAMETERS/>
  <CODEGENERATION>
	<IMPORTS>
		<IMPORT NAME="commons-logging-1.1.1" MODULE="commons-logging-1.1.1.jar" REQUIRED="true" />
		<IMPORT NAME="fontbox-1.5.0" MODULE="fontbox-1.5.0.jar" REQUIRED="true" />
		<IMPORT NAME="pdfbox-1.5.0" MODULE="pdfbox-1.5.0.jar" REQUIRED="true" />
		<IMPORT NAME="bcprov-jdk15-146" MODULE="bcprov-jdk15-146.jar" REQUIRED="true" />
		<IMPORT NAME="bcmail-jdk15-146" MODULE="bcmail-jdk15-146.jar" REQUIRED="true" />
		<IMPORT NAME="icu4j-3_8_1" MODULE="icu4j-3_8_1.jar" REQUIRED="true" />
		<IMPORT NAME="PDFReader" MODULE="PDFReader.jar" REQUIRED="true" />
	</IMPORTS>
  </CODEGENERATION>
  
  <RETURNS>
    <RETURN NAME="NB_LINE" TYPE="id_Integer" AVAILABILITY="AFTER"/>
  </RETURNS>
  
</COMPONENT>