<?xml version="1.0" encoding="UTF-8"?>

<COMPONENT> 
  <HEADER AUTHOR="Bekwam, Inc." COMPATIBILITY="ALL" DATA_AUTO_PROPAGATE="false" PLATEFORM="ALL" RELEASE_DATE="20110810" SERIAL="" STARTABLE="false" STATUS="RELEASE" VERSION="1.0" HAS_CONDITIONAL_OUTPUTS="true"> 
    <SIGNATURE/> 
  </HEADER>  
  <FAMILIES> 
    <FAMILY>Processing</FAMILY> 
  </FAMILIES>  
  <DOCUMENTATION> 
    <URL>http://www.bekwam.com</URL> 
  </DOCUMENTATION>  
  <CONNECTORS>
    <CONNECTOR CTYPE="FLOW" MAX_INPUT="1" MAX_OUTPUT="0" />
    <CONNECTOR NAME="FILTER" CTYPE="FLOW" MAX_OUTPUT="1" COLOR="086438" BASE_SCHEMA="FLOW" />
	<CONNECTOR NAME="REJECT" CTYPE="FLOW" MAX_OUTPUT="1" LINE_STYLE="2" COLOR="f36300" BASE_SCHEMA="FLOW" />
  </CONNECTORS>  
  <PARAMETERS>


  
  <PARAMETER FIELD="SCHEMA_TYPE" NAME="SCHEMA" NUM_ROW="1" REQUIRED="true" READONLY="true"></PARAMETER>
  
  		<PARAMETER NAME="SCHEMA_FILTER" FIELD="SCHEMA_TYPE" NUM_ROW="1"	CONTEXT="FILTER" />

		<PARAMETER NAME="SCHEMA_REJECT" FIELD="SCHEMA_TYPE" NUM_ROW="1"	CONTEXT="REJECT" />

		<PARAMETER FIELD="CHECK" NAME="SHOW_REASON_CODE_COLUMN" NUM_ROW="2" GROUP="REJECT_FIELDS">
		</PARAMETER>
		
		<PARAMETER FIELD="COLUMN_LIST" NAME="REASON_CODE_COLUMN"
			NUM_ROW="2" CONTEXT="REJECT" GROUP="REJECT_FIELDS" 
			SHOW_IF="SHOW_REASON_CODE_COLUMN == 'true'">
		</PARAMETER>
		
		<PARAMETER FIELD="CHECK" NAME="SHOW_REASON_MESSAGE_COLUMN" NUM_ROW="3" GROUP="REJECT_FIELDS">
		</PARAMETER>
		
		<PARAMETER FIELD="COLUMN_LIST" NAME="REASON_MESSAGE_COLUMN"
			NUM_ROW="3" CONTEXT="REJECT" GROUP="REJECT_FIELDS"
			SHOW_IF="SHOW_REASON_MESSAGE_COLUMN == 'true'">
		</PARAMETER>
		
		<PARAMETER FIELD="TABLE" NAME="RULES" NUM_ROW="4" NB_LINES="5">
  	<ITEMS>
  		<ITEM NAME="EXPRESSION" VALUE="" FIELD="MEMO_JAVA"></ITEM>
  		<ITEM NAME="REASON_CODE" VALUE='""'></ITEM>
  		<ITEM NAME="REASON_MESSAGE" VALUE='""'></ITEM></ITEMS></PARAMETER>
		
  </PARAMETERS>
  <ADVANCED_PARAMETERS> 
  	<PARAMETER FIELD="CHECK" NAME="RUN_ALL" NUM_ROW="2" />  <!--  stat catchers is #1 -->
  </ADVANCED_PARAMETERS>
  <CODEGENERATION>
  	<IMPORTS>
  		<IMPORT NAME="Commons_Lang_3" MODULE="commons-lang3-3.0.jar" REQUIRED="true"></IMPORT>
  		<IMPORT NAME="Commons_Logging_1_1_1"
  			MODULE="commons-logging-1.1.1.jar" REQUIRED="true">
  		</IMPORT>
  		<IMPORT NAME="Commons_Jexl_2_0_1"
  			MODULE="commons-jexl-2.0.1.jar" REQUIRED="true">
  		</IMPORT>
  		<IMPORT MODULE="tscriptrules.jar" NAME="TScriptRules"
  			REQUIRED="true">
  		</IMPORT></IMPORTS></CODEGENERATION>  
  <RETURNS> 
    <RETURN AVAILABILITY="AFTER" NAME="NB_LINE" TYPE="id_Integer"/>
    <RETURN AVAILABILITY="AFTER" NAME="NB_LINE_OK" TYPE="id_Integer" />
  	<RETURN AVAILABILITY="AFTER" NAME="NB_LINE_REJECT" TYPE="id_Integer" />
  </RETURNS> 
</COMPONENT>
