<?xml version="1.0" encoding="UTF-8"?>

<COMPONENT> 
  <HEADER AUTHOR="PowerUp" 
          COMPATIBILITY="ALL" 
          DATA_AUTO_PROPAGATE="true" 
          PLATEFORM="ALL" 
          RELEASE_DATE="20110509A" 
          SERIAL="" 
          STARTABLE="false" 
          STATUS="BETA" 
          VERSION="0.4"> 
    <SIGNATURE/> 
  </HEADER>  
  <FAMILIES> 
    <FAMILY>Processing</FAMILY>
    <FAMILY>PowerUp</FAMILY> 
  </FAMILIES>  
  <DOCUMENTATION> 
    <URL>http://www.powerupbi.com/talend/tCache.html</URL>
  </DOCUMENTATION>  
  <CONNECTORS> 
    <CONNECTOR CTYPE="FLOW" MAX_INPUT="1"/> 
    <CONNECTOR CTYPE="ITERATE" MAX_OUTPUT="0" MAX_INPUT="1"/>
    <CONNECTOR CTYPE="SUBJOB_OK"/>
    <CONNECTOR CTYPE="SUBJOB_ERROR"/>
    <CONNECTOR CTYPE="COMPONENT_OK"/>
    <CONNECTOR CTYPE="COMPONENT_ERROR"/>
    <CONNECTOR CTYPE="RUN_IF"/>
  </CONNECTORS>  
  <PARAMETERS> 
    <PARAMETER
	    NAME="SCHEMA"
	    FIELD="SCHEMA_TYPE"
	    REQUIRED="true"
	    NUM_ROW="1"
     />
   <PARAMETER
            NAME="USE_FILE_STORAGE"
            FIELD="CHECK"
            NUM_ROW="2"
            REQUIRED = "true"
    /> 
   <PARAMETER
            NAME="USE_MEM_STORAGE"
            FIELD="CHECK"
            NUM_ROW="2"
            REQUIRED = "true"
    /> 
   <PARAMETER
            NAME="GLOBAL_BUFFER_NAME"
            FIELD="TEXT"
            NUM_ROW="2"
            REQUIRED = "true"
            SHOW_IF = "USE_MEM_STORAGE == 'true'"
    >
    <DEFAULT>""</DEFAULT>
    </PARAMETER>  
    <PARAMETER
	    NAME="CACHE_FILENAME"
            FIELD="FILE"
	    NUM_ROW="3"
	    REQUIRED="true"
            SHOW_IF = "USE_FILE_STORAGE == 'true'"
     >
	<DEFAULT>"__COMP_DEFAULT_FILE_DIR__/cache.dat"</DEFAULT>
    </PARAMETER>
    <PARAMETER
	    NAME="CACHE_FILE_APPEND"
            FIELD="CHECK"
	    NUM_ROW="3"
	    REQUIRED="true"
            SHOW_IF = "USE_FILE_STORAGE == 'true'"
     >
     <DEFAULT>"true"</DEFAULT>
    </PARAMETER>
 </PARAMETERS>  
  <ADVANCED_PARAMETERS> 
  </ADVANCED_PARAMETERS>  
  <CODEGENERATION></CODEGENERATION>  
  <RETURNS> 
    <RETURN AVAILABILITY="AFTER" NAME="NB_LINE" TYPE="id_Integer"/> 
    <RETURN AVAILABILITY="AFTER" NAME="NB_CACHE_LINE" TYPE="id_Integer"/> 
  </RETURNS> 
</COMPONENT>
