<COMPONENT>
  <HEADER
    PLATEFORM="ALL"
    SERIAL=""
    VERSION="0.2"
    STATUS="ALPHA"
    
    COMPATIBILITY="ALL"
    AUTHOR="Benoit Courtine"
    RELEASE_DATE="20090506A"
    STARTABLE="true"
  >
    <SIGNATURE/>
  </HEADER>

  <FAMILIES>
	<FAMILY>Databases/Informix</FAMILY>
  </FAMILIES>
  
  <DOCUMENTATION>
    <URL/>
  </DOCUMENTATION>

  <CONNECTORS>
    <CONNECTOR CTYPE="FLOW" MAX_INPUT="1" MAX_OUTPUT="1"/>
    <CONNECTOR CTYPE="ITERATE" MAX_OUTPUT="0" MAX_INPUT="0"/>
    <CONNECTOR CTYPE="SUBJOB_OK" MAX_INPUT="1" />
    <CONNECTOR CTYPE="SUBJOB_ERROR" MAX_INPUT="1" />
    <CONNECTOR CTYPE="COMPONENT_OK"/>
    <CONNECTOR CTYPE="COMPONENT_ERROR"/>
    <CONNECTOR CTYPE="RUN_IF"/>
  </CONNECTORS>

  <PARAMETERS>
    <PARAMETER
      NAME="CONNECTION"
      FIELD="COMPONENT_LIST"
      FILTER="tInformixConnection"
      NUM_ROW="10"
    />
    <PARAMETER
      NAME="CLOSE"
      FIELD="CHECK"
      NUM_ROW="11"
    >
    <DEFAULT>true</DEFAULT>
    </PARAMETER>
  </PARAMETERS>

  <CODEGENERATION/>
  <RETURNS/>
</COMPONENT>