<COMPONENT>
  <HEADER
    PLATEFORM="ALL"
    SERIAL=""
    VERSION="0.101"
    STATUS="ALPHA"
    
    COMPATIBILITY="ALL"
    AUTHOR="Talend"
    RELEASE_DATE="20050320A"
    STARTABLE="false"
  >
    <SIGNATURE></SIGNATURE>
  </HEADER>

  <DOCUMENTATION>
    <URL/>
  </DOCUMENTATION>

  <CONNECTORS>
    <CONNECTOR CTYPE="FLOW" MAX_INPUT="10"/>
    <CONNECTOR CTYPE="ITERATE" MAX_OUTPUT="0" MAX_INPUT="0"/>
    <CONNECTOR CTYPE="SUBJOB_OK" MAX_INPUT="1" />
    <CONNECTOR CTYPE="SUBJOB_ERROR" MAX_INPUT="1" />
    <CONNECTOR CTYPE="COMPONENT_OK"/>
    <CONNECTOR CTYPE="COMPONENT_ERROR"/>
    <CONNECTOR CTYPE="RUN_IF"/>
  </CONNECTORS>

  <PARAMETERS>
  
      <PARAMETER
      NAME="GROUPBYS"
      FIELD="TABLE"
      NUM_ROW="10"
      NB_LINES="10"
      REQUIRED="true"
    >
    
    <ITEMS BASED_ON_SCHEMA="true">
	<ITEM NAME="OBJECT_GROUP" FIELD="CLOSED_LIST">
            <ITEMS DEFAULT="1">
		    <ITEM NAME="1"  VALUE="1"/>
		    <ITEM NAME="2"    VALUE="2"/>
		    <ITEM NAME="3"    VALUE="3"/>
		    <ITEM NAME="4"    VALUE="4"/>
		    <ITEM NAME="5"    VALUE="5"/>
		    <ITEM NAME="6"    VALUE="6"/>
		    <ITEM NAME="7"    VALUE="7"/>
		    <ITEM NAME="8"    VALUE="8"/>
		    <ITEM NAME="9"    VALUE="9"/>
		    <ITEM NAME="10"    VALUE="10"/>            
	  </ITEMS>
	</ITEM>
      </ITEMS>    
   </PARAMETER>
  
         <PARAMETER
      NAME="OBJECTNAMESTABLE"
      FIELD="TABLE"
      NUM_ROW="10"
      NB_LINES="10"
      REQUIRED="true"
    >
    
     <ITEMS>
	<ITEM NAME="OBJECT_ID" FIELD="CLOSED_LIST">
            <ITEMS DEFAULT="1">
		    <ITEM NAME="1"  VALUE="1"/>
		    <ITEM NAME="2"    VALUE="2"/>
		    <ITEM NAME="3"    VALUE="3"/>
		    <ITEM NAME="4"    VALUE="4"/>
		    <ITEM NAME="5"    VALUE="5"/>
		    <ITEM NAME="6"    VALUE="6"/>
		    <ITEM NAME="7"    VALUE="7"/>
		    <ITEM NAME="8"    VALUE="8"/>
		    <ITEM NAME="9"    VALUE="9"/>
		    <ITEM NAME="10"    VALUE="10"/>            
		  </ITEMS>
		</ITEM>
	 <ITEM NAME="OBJECTNAME" FIELD="TEXT"/>	
      </ITEMS>    
   </PARAMETER>
   
      <PARAMETER
      NAME="OBJECTNESTING"
      FIELD="TABLE"
      NUM_ROW="12"
      NB_LINES="10"
      REQUIRED="false"
    >
    
    <ITEMS>
	<ITEM NAME="PARENT_OBJECT" FIELD="CLOSED_LIST">
            <ITEMS DEFAULT="1">
		    <ITEM NAME="1"  VALUE="1"/>
		    <ITEM NAME="2"    VALUE="2"/>
		    <ITEM NAME="3"    VALUE="3"/>
		    <ITEM NAME="4"    VALUE="4"/>
		    <ITEM NAME="5"    VALUE="5"/>
		    <ITEM NAME="6"    VALUE="6"/>
		    <ITEM NAME="7"    VALUE="7"/>
		    <ITEM NAME="8"    VALUE="8"/>
		    <ITEM NAME="9"    VALUE="9"/>
		    <ITEM NAME="10"    VALUE="10"/>            
	  </ITEMS>
	</ITEM>
	<ITEM NAME="PARENT_FIELD" FIELD="PREV_COLUMN_LIST" />
	<ITEM NAME="CHILD_OBJECT" FIELD="CLOSED_LIST">
            <ITEMS DEFAULT="1">
		    <ITEM NAME="1"  VALUE="1"/>
		    <ITEM NAME="2"    VALUE="2"/>
		    <ITEM NAME="3"    VALUE="3"/>
		    <ITEM NAME="4"    VALUE="4"/>
		    <ITEM NAME="5"    VALUE="5"/>
		    <ITEM NAME="6"    VALUE="6"/>
		    <ITEM NAME="7"    VALUE="7"/>
		    <ITEM NAME="8"    VALUE="8"/>
		    <ITEM NAME="9"    VALUE="9"/>
		    <ITEM NAME="10"    VALUE="10"/>            
	  </ITEMS>
	</ITEM>
	<ITEM NAME="CHILD_FIELD" FIELD="PREV_COLUMN_LIST" />
      </ITEMS>    
   </PARAMETER>

   
   <PARAMETER
      NAME="TEMPLATEFILENAME"
      FIELD="FILE"
      NUM_ROW="15"
      REQUIRED="true"
    >
      <DEFAULT>"__COMP_DEFAULT_FILE_DIR__/Template.xls"</DEFAULT>
    </PARAMETER>
   
    <PARAMETER
      NAME="OUTPUTFILENAME"
      FIELD="FILE"
      NUM_ROW="20"
      REQUIRED="true"
    >
      <DEFAULT>"__COMP_DEFAULT_FILE_DIR__/output.xls"</DEFAULT>
    </PARAMETER>

    </PARAMETERS>
    
  <ADVANCED_PARAMETERS>
  	<PARAMETER
      NAME="CREATE"
      FIELD="CHECK"
      REQUIRED="true"
      NUM_ROW="40"
    >
      <DEFAULT>true</DEFAULT>
    </PARAMETER>

	<PARAMETER NAME="ADVANCED_SEPARATOR" FIELD="CHECK" REQUIRED="true" NUM_ROW="46" >
		<DEFAULT>false</DEFAULT>
	</PARAMETER>
	
	<PARAMETER NAME="THOUSANDS_SEPARATOR" FIELD="TEXT" REQUIRED="true" NUM_ROW="46"
		SHOW_IF="(ADVANCED_SEPARATOR == 'true')">
		<DEFAULT>","</DEFAULT>
	</PARAMETER>		
	
	<PARAMETER NAME="DECIMAL_SEPARATOR" FIELD="TEXT" REQUIRED="true" NUM_ROW="46"
		SHOW_IF="(ADVANCED_SEPARATOR == 'true')">
		<DEFAULT>"."</DEFAULT>
	</PARAMETER>
	
	<PARAMETER
      NAME="ENCODING"
      FIELD="ENCODING_TYPE"
      NUM_ROW="60"
      REQUIRED="true"
    >
      <DEFAULT>"ISO-8859-15"</DEFAULT>
    </PARAMETER>
  </ADVANCED_PARAMETERS>

  <CODEGENERATION>
    <IMPORTS>
      <IMPORT NAME="beanutils-collection" MODULE="commons-beanutils-bean-collections.jar" REQUIRED="true" />
      <IMPORT NAME="beanutils-core" MODULE="commons-beanutils-core.jar" REQUIRED="true" />
      <IMPORT NAME="beanutils" MODULE="beanutils.jar" REQUIRED="true" />
      <IMPORT NAME="commons-collections-javadoc" MODULE="commons-collections-3.2.1-javadoc.jar" REQUIRED="true" />
      <IMPORT NAME="commons-collections-sources" MODULE="commons-collections-3.2.1-sources.jar" REQUIRED="true" />
      <IMPORT NAME="commons-collections" MODULE="commons-collections-3.2.1.jar" REQUIRED="true" />
      <IMPORT NAME="commons-collections-testframework" MODULE="commons-collections-testframework-3.2.1.jar" REQUIRED="true" />
      <IMPORT NAME="commons-digester-1.8.jar" MODULE="commons-digester-1.8.jar" REQUIRED="true" />
      <IMPORT NAME="commons-jexl" MODULE="commons-jexl-1.1.jar" REQUIRED="true" />
      <IMPORT NAME="commons-logging-javadoc" MODULE="commons-logging-1.1.1-javadoc.jar" REQUIRED="true" />
      <IMPORT NAME="commons-logging-sources" MODULE="commons-logging-1.1.1-sources.jar" REQUIRED="true" />
      <IMPORT NAME="commons-logging" MODULE="commons-logging-1.1.1.jar" REQUIRED="true" />
      <IMPORT NAME="commons-logging-adapters" MODULE="commons-logging-adapters-1.1.1.jar" REQUIRED="true" />
      <IMPORT NAME="commons-logging-api" MODULE="commons-logging-api-1.1.1.jar" REQUIRED="true" />
      <IMPORT NAME="commons-logging-tests" MODULE="commons-logging-tests.jar" REQUIRED="true" />
      <IMPORT NAME="jxls-core-hugo" MODULE="jxls-core-hugo.jar" REQUIRED="true" />
      <IMPORT NAME="jxls-reader" MODULE="jxls-reader-0.9.6.jar" REQUIRED="true" />
      <IMPORT NAME="poi-3.0" MODULE="poi-3.0-rc4-20070503.jar" REQUIRED="true" />
      <IMPORT NAME="poi-contrib-3.0" MODULE="poi-contrib-3.0-rc4-20070503.jar" REQUIRED="true" />
      <IMPORT NAME="poi-scratchpad-3.0" MODULE="poi-scratchpad-3.0-rc4-20070503.jar" REQUIRED="true" />
    </IMPORTS>
  </CODEGENERATION>

  <RETURNS>
    <RETURN NAME="NB_LINE" TYPE="id_Integer" AVAILABILITY="AFTER"/>
  </RETURNS>

</COMPONENT>