<?xml version="1.0" encoding="UTF-8"?>
<COMPONENT> 
  <HEADER AUTHOR="cimt ag" 
          COMPATIBILITY="ALL" 
          PLATEFORM="ALL" 
          RELEASE_DATE="20141002A" 
          SERIAL="" 
          STARTABLE="false" 
          STATUS="RELEASE" 
          VERSION="1.0"
          PARTITIONING="GROUPBYS.INPUT_COLUMN"> 
    <SIGNATURE/> 
  </HEADER>  
  <FAMILIES> 
    <FAMILY>Anonymization</FAMILY>
  </FAMILIES>  
  <DOCUMENTATION> 
    <URL></URL> 
  </DOCUMENTATION>   
  <CONNECTORS> 
   <CONNECTOR CTYPE="FLOW" MAX_INPUT="1" MAX_OUTPUT="1" MIN_INPUT="1"/>
		<CONNECTOR CTYPE="SUBJOB_OK" MAX_INPUT="0" />
		<CONNECTOR CTYPE="SUBJOB_ERROR" MAX_INPUT="0" />
		<CONNECTOR CTYPE="COMPONENT_OK" />
		<CONNECTOR CTYPE="COMPONENT_ERROR" />
		<CONNECTOR CTYPE="RUN_IF" />
  </CONNECTORS>  
  <PARAMETERS>
  <PARAMETER NAME="SCHEMA" FIELD="SCHEMA_TYPE" REQUIRED="true"
			NUM_ROW="1" />
			
	
   <!-- <PARAMETER
      NAME="ANOCOLUMNSEXTENDED"
      FIELD="TABLE"
      NUM_ROW="4"
      NB_LINES="3"
      SHOW_IF="SCHEMABASED =='true'" 
    >
      <ITEMS BASED_ON_SCHEMA="true">
        <ITEM NAME="DEFAULT_VALUE" FIELD="TEXT" VALUE='"Value"'/>
        <ITEM NAME="SELECT" FIELD="CHECK" VALUE="false" />		
      </ITEMS>
    </PARAMETER> -->
    <PARAMETER
      NAME="ANOCOLUMNS"
      FIELD="TABLE"
      NUM_ROW="4"
      NB_LINES="12"
    >
      <ITEMS>
        <ITEM NAME="COLUMN" FIELD="COLUMN_LIST" />
        <ITEM NAME="DEFAULT_VALUE" FIELD="TEXT" />
      </ITEMS>
    </PARAMETER>
	</PARAMETERS>
<ADVANCED_PARAMETERS>
	<PARAMETER NAME="SAMEWITHSAME" FIELD="CHECK" NUM_ROW="1" />
	<!-- <PARAMETER NAME="SCHEMABASED" FIELD="CHECK" NUM_ROW="2" />  -->
</ADVANCED_PARAMETERS>
  <CODEGENERATION/>
  <RETURNS> 
  <RETURN NAME="NB_LINE" TYPE="id_Integer" AVAILABILITY="AFTER" />
  </RETURNS> 
</COMPONENT>
