<COMPONENT>

	<HEADER PLATEFORM="ALL" SERIAL="" VERSION="0.102" STATUS="ALPHA"
		COMPATIBILITY="ALL" AUTHOR="Talend" RELEASE_DATE="20050320A"
		STARTABLE="true" HAS_CONDITIONAL_OUTPUTS="true">
		<SIGNATURE />
	</HEADER>

  <FAMILIES>
    <FAMILY>Databases/LDAP</FAMILY>
  </FAMILIES>

	<DOCUMENTATION>
		<URL />
	</DOCUMENTATION>

	<CONNECTORS>
		<CONNECTOR CTYPE="FLOW" MAX_INPUT="0" MAX_OUTPUT="1"/>
		<CONNECTOR NAME="REJECT" CTYPE="FLOW" MAX_INPUT="0"
			MAX_OUTPUT="1" LINE_STYLE="2" COLOR="FF0000" BASE_SCHEMA="FLOW" />
		<CONNECTOR CTYPE="ITERATE" MAX_OUTPUT="1" MAX_INPUT="1" />
		<CONNECTOR CTYPE="SUBJOB_OK" MAX_INPUT="1" />
		<CONNECTOR CTYPE="SUBJOB_ERROR" MAX_INPUT="1" />
		<CONNECTOR CTYPE="COMPONENT_OK" />
		<CONNECTOR CTYPE="COMPONENT_ERROR" />
		<CONNECTOR CTYPE="RUN_IF" />
	</CONNECTORS>

	<PARAMETERS>
		<PARAMETER NAME="PROPERTY" FIELD="PROPERTY_TYPE"
			SHOW="true" NUM_ROW="1" REPOSITORY_VALUE="LDAP"/>

		<PARAMETER NAME="USE_EXISTING_CONNECTION" FIELD="CHECK" NUM_ROW="2">
			<DEFAULT>false</DEFAULT>
		</PARAMETER>   
    
    	<PARAMETER
			NAME="CONNECTION"
			FIELD="COMPONENT_LIST"
			FILTER="tLDAPConnection"
			NUM_ROW="2"
			SHOW_IF="USE_EXISTING_CONNECTION == 'true'"
		/>
	
		<PARAMETER NAME="HOST" FIELD="TEXT" NUM_ROW="12" REQUIRED="true"
			REPOSITORY_VALUE="HOST" SHOW_IF="USE_EXISTING_CONNECTION == 'false'">
			<DEFAULT>"ldap.openldap.org"</DEFAULT>
		</PARAMETER>

		<PARAMETER NAME="PORT" FIELD="TEXT" NUM_ROW="13" REQUIRED="true"
			REPOSITORY_VALUE="PORT" SHOW_IF="USE_EXISTING_CONNECTION == 'false'">
			<DEFAULT>389</DEFAULT>
		</PARAMETER>

		<PARAMETER NAME="BASEDN" FIELD="TEXT" NUM_ROW="14" REQUIRED="true"
			REPOSITORY_VALUE="BASEDN">
			<DEFAULT>"dc=OpenLDAP,dc=org"</DEFAULT>
		</PARAMETER>

		<PARAMETER NAME="PROTOCOL" FIELD="CLOSED_LIST" NUM_ROW="15"
			REQUIRED="true" REPOSITORY_VALUE="PROTOCOL" SHOW_IF="USE_EXISTING_CONNECTION == 'false'">
			<ITEMS DEFAULT="LDAP">
				<ITEM NAME="LDAP" VALUE="LDAP" />
				<ITEM NAME="LDAPS" VALUE="LDAPS" />
				<ITEM NAME="TLS" VALUE="TLS" />
			</ITEMS>
		</PARAMETER>

		<PARAMETER NAME="ADVANCEDCA" FIELD="CHECK" NUM_ROW="16"
			SHOW_IF="(PROTOCOL=='LDAPS' or PROTOCOL=='TLS') and USE_EXISTING_CONNECTION == 'false'">
			<DEFAULT>false</DEFAULT>
		</PARAMETER>

		<PARAMETER NAME="STORECA" FIELD="FILE" NUM_ROW="17"
			SHOW_IF="(ADVANCEDCA=='true' and (PROTOCOL=='LDAPS' or PROTOCOL=='TLS') and ALWAYS_TRUST=='false') and USE_EXISTING_CONNECTION == 'false'">
			<DEFAULT>"c:/mycacerts"</DEFAULT>
		</PARAMETER>

		<PARAMETER NAME="STORECAPWD" FIELD="TEXT" NUM_ROW="17" 
				SHOW_IF="(ADVANCEDCA=='true' and (PROTOCOL=='LDAPS' or PROTOCOL=='TLS') and ALWAYS_TRUST=='false') and USE_EXISTING_CONNECTION == 'false'">
			<DEFAULT>""</DEFAULT>
		</PARAMETER>
		
		<PARAMETER NAME="ALWAYS_TRUST" FIELD="CHECK" NUM_ROW="17"
			SHOW_IF="(ADVANCEDCA=='true' and (PROTOCOL=='LDAPS' or PROTOCOL=='TLS')) and USE_EXISTING_CONNECTION == 'false'">
			<DEFAULT>false</DEFAULT>
		</PARAMETER>
		
		<PARAMETER NAME="AUTHENTIFICATION" FIELD="CHECK" NUM_ROW="18"
			REPOSITORY_VALUE="AUTHENTIFICATION" SHOW_IF="USE_EXISTING_CONNECTION == 'false'">
			<DEFAULT>false</DEFAULT>
		</PARAMETER>

		<PARAMETER NAME="USER" FIELD="TEXT" NUM_ROW="19"
			NOT_SHOW_IF="(AUTHENTIFICATION == 'false' and USE_EXISTING_CONNECTION == 'false') or USE_EXISTING_CONNECTION == 'true'" REPOSITORY_VALUE="USER" >
			<DEFAULT>"cn=Directory Manager"</DEFAULT>
		</PARAMETER>

		<PARAMETER NAME="PASS" FIELD="TEXT" NUM_ROW="20"
			NOT_SHOW_IF="(AUTHENTIFICATION == 'false' and USE_EXISTING_CONNECTION == 'false') or USE_EXISTING_CONNECTION == 'true'" REPOSITORY_VALUE="PASSWORD">
			<DEFAULT>"password"</DEFAULT>
		</PARAMETER>

		<PARAMETER NAME="ALIASES" FIELD="CLOSED_LIST" NUM_ROW="23"
			REPOSITORY_VALUE="ALIASES" SHOW_IF="USE_EXISTING_CONNECTION == 'false'">
			<ITEMS DEFAULT="ALWAYS">
				<ITEM NAME="ALWAYS" VALUE="always" />
				<ITEM NAME="NEVER" VALUE="never" />
				<ITEM NAME="SEARCHING" VALUE="searching" />
				<ITEM NAME="FINDING" VALUE="finding" />
			</ITEMS>
		</PARAMETER>

		<PARAMETER NAME="REFERRALS" FIELD="CLOSED_LIST" NUM_ROW="24"
			REPOSITORY_VALUE="REFERRALS" SHOW_IF="USE_EXISTING_CONNECTION == 'false'">
			<ITEMS DEFAULT="IGNORE">
				<ITEM NAME="IGNORE" VALUE="ignore" />
				<ITEM NAME="FOLLOW" VALUE="follow" />
			</ITEMS>
		</PARAMETER>

		<PARAMETER NAME="FILTER" FIELD="MEMO" NUM_ROW="21"
			REPOSITORY_VALUE="FILTER">
			<DEFAULT>"(&amp;(objectClass=*))"</DEFAULT>
		</PARAMETER>

		<PARAMETER NAME="SCOPE" FIELD="CLOSED_LIST" NUM_ROW="22"
			REQUIRED="true" REPOSITORY_VALUE="SCOPE">
			<ITEMS DEFAULT="SUB_TREE">
				<ITEM NAME="SUB_TREE" VALUE="SUBTREE_SCOPE"></ITEM>
				<ITEM NAME="ONE_LEVEL" VALUE="ONELEVEL_SCOPE"></ITEM>
				<ITEM NAME="OBJECT_SCOPE" VALUE="OBJECT_SCOPE"></ITEM>
			</ITEMS>
		</PARAMETER>
		
		<PARAMETER NAME="MULTI_VALUE_SEPARATOR" FIELD="TEXT"
			NUM_ROW="22">
			<DEFAULT>";"</DEFAULT>
		</PARAMETER>

		<PARAMETER NAME="LIMIT" FIELD="TEXT" NUM_ROW="25"
			REPOSITORY_VALUE="COLUMN_COUNT_LIMIT">
			<DEFAULT>0</DEFAULT>
		</PARAMETER>

		<PARAMETER NAME="TIMEOUT" FIELD="TEXT" NUM_ROW="25"
			REPOSITORY_VALUE="TIME_OUT_LIMIT">
			<DEFAULT>0</DEFAULT>
		</PARAMETER>
		
		<PARAMETER NAME="ISPAGING" FIELD="CHECK" NUM_ROW="26">
			<DEFAULT>false</DEFAULT>
		</PARAMETER>			
		
		<PARAMETER NAME="PAGESIZE" FIELD="TEXT" NUM_ROW="26" SHOW_IF="ISPAGING=='true'">
			<DEFAULT>100</DEFAULT>
		</PARAMETER>		

		<PARAMETER NAME="DIE_ON_ERROR" FIELD="CHECK" NUM_ROW="30">
			<DEFAULT>true</DEFAULT>
		</PARAMETER>

		<PARAMETER NAME="SCHEMA" FIELD="SCHEMA_TYPE" REQUIRED="true"
			NUM_ROW="40">
			<!--SHOW_IF="PROPERTY_TYPE=='BUILT_IN'"-->
		</PARAMETER>
		
		<PARAMETER NAME="SCHEMA_REJECT" FIELD="SCHEMA_TYPE"
			REQUIRED="true" NUM_ROW="45" CONTEXT="REJECT" SHOW="true">
			<TABLE READONLY="true">
				<COLUMN NAME="errorCode" TYPE="id_String" LENGTH="255"
					READONLY="false" CUSTOM="true" />
				<COLUMN NAME="errorMessage" TYPE="id_String"
					LENGTH="255" READONLY="false" CUSTOM="true" />
			</TABLE>
		</PARAMETER>

		<PARAMETER NAME="RETURNING_OBJ_FLAG" FIELD="CHECK" NUM_ROW="27">
			<DEFAULT>false</DEFAULT>
		</PARAMETER>
		
		<PARAMETER NAME="DEREF_LINK_FLAG" FIELD="CHECK" NUM_ROW="28">
			<DEFAULT>false</DEFAULT>
		</PARAMETER>
		
	</PARAMETERS>

	<ADVANCED_PARAMETERS>

		<PARAMETER NAME="USE_FIELD_OPTIONS" FIELD="CHECK" NUM_ROW="120" >
			<DEFAULT>false</DEFAULT>
		</PARAMETER>

		<PARAMETER NAME="FIELD_OPTIONS" FIELD="TABLE" REQUIRED="true"
			NUM_ROW="130" NB_LINES="5" SHOW_IF="(USE_FIELD_OPTIONS == 'true')">
			<ITEMS BASED_ON_SCHEMA="true">
		        <ITEM NAME="BINARY" VALUE="false" FIELD="CHECK" />
			</ITEMS>
		</PARAMETER>
		
		</ADVANCED_PARAMETERS>

	<CODEGENERATION>
		<IMPORTS>
			<IMPORT NAME="ldap" MODULE="talendssl.jar" REQUIRED="true" />
		</IMPORTS>
	</CODEGENERATION>

	<RETURNS>
		<RETURN NAME="NB_LINE" TYPE="id_Integer" AVAILABILITY="AFTER" />
		<RETURN NAME="RESULT_NAME" TYPE="id_String" AVAILABILITY="FLOW" />
	</RETURNS>

</COMPONENT>