<COMPONENT>
  <HEADER
    PLATEFORM="ALL"
       SERIAL=""
      VERSION="0.101"
       STATUS="ALPHA"
COMPATIBILITY="ALL"
       AUTHOR="Talend"
 RELEASE_DATE="20050320A"
    STARTABLE="true"
  >
    <SIGNATURE></SIGNATURE>
  </HEADER>

  <FAMILIES>
    <FAMILY>DataPublica</FAMILY>
  </FAMILIES>

  <DOCUMENTATION>
    <URL/>
  </DOCUMENTATION>

  <CONNECTORS>
    <CONNECTOR CTYPE="ITERATE" MAX_OUTPUT="0" MAX_INPUT="1"/>
    <CONNECTOR CTYPE="SUBJOB_OK" MAX_INPUT="1" />
    <CONNECTOR CTYPE="SUBJOB_ERROR" MAX_INPUT="1" />
    <CONNECTOR CTYPE="COMPONENT_OK"/>
    <CONNECTOR CTYPE="COMPONENT_ERROR"/>
    <CONNECTOR CTYPE="RUN_IF"/>
  </CONNECTORS>

  	<PARAMETERS>  
  		<PARAMETER
   		   NAME="CONNECTION"
   		   FIELD="COMPONENT_LIST"
   		   FILTER="tDataPublicaConnection"
   		   NUM_ROW="10"
   		   DYNAMIC_SETTINGS="true"
   		/>    
  		<PARAMETER
   		  NAME="FILENAME"
   		  FIELD="TEXT"
   		  REQUIRED="true"
   		  NUM_ROW="20"
  		>
    	<DEFAULT>""</DEFAULT>
  		</PARAMETER>
  		<PARAMETER
   		  NAME="REFERENCE"
   		  FIELD="TEXT"
   		  REQUIRED="true"
   		  NUM_ROW="20"
  		>
    	<DEFAULT>""</DEFAULT>
  		</PARAMETER>
  		  		
 		<PARAMETER
      		NAME="TIMEOUT"
      		FIELD="TEXT"
      		REQUIRED="false"
      		NUM_ROW="40"      		
    	>
      	<DEFAULT>1000</DEFAULT>
    	</PARAMETER>	
 	</PARAMETERS>

   <ADVANCED_PARAMETERS>
   </ADVANCED_PARAMETERS>

  <CODEGENERATION>
   <IMPORTS>
       <IMPORT NAME="COMMONS-httpclient" MODULE="commons-httpclient-3.0.1.jar" REQUIRED="true" />
       <IMPORT NAME="COMMONS-Logging" MODULE="commons-logging-1.1.jar" REQUIRED="true" />
  	   <IMPORT NAME="COMMONS-codec" MODULE="commons-codec-1.3.jar" REQUIRED="true" />
  	   <IMPORT NAME="jcifs-samba" MODULE="jcifs-1.3.0.jar" REQUIRED="true" />
     </IMPORTS>
  </CODEGENERATION>

  <RETURNS>
  </RETURNS>

</COMPONENT>